Ticker,Sic,Remove
AIR,5080,0
AAL,4512,0
CECE,3564,0
PNW,4911,1
PRG,6141,1
ABT,3845,0
WDDD,7370,0
ACU,3420,0
BKTI,3663,0
AE,5172,0
AMD,3674,0
APD,2810,0
AIRT,4513,0
ALK,4512,0
ATRI,3841,0
MATX,4400,0
ALX,6798,1
ALCO,100,0
PBAJ,5500,0
Y,6331,1
HON,9997,0
SWKS,3674,0
HES,1311,0
UHAL,7510,0
ABM,7340,0
PRI,6311,1
ECOL,4955,1
AEP,4911,1
AXP,6141,1
AFL,6321,1
AIG,6331,1
ANAT,6311,1
ARL,6512,1
AMS,8090,0
AMSWA,7372,0
AVD,2870,0
AME,3823,0
AMGN,2836,0
AP,3460,0
AXR,6552,1
ADI,3674,0
ANDR,3663,0
ANDE,5150,0
NBR,1381,0
APOG,3442,0
AAPL,3663,0
AMAT,3559,0
EPAC,3533,0
TREC,2911,0
AOXY,6512,1
ADM,2070,0
ARCB,4213,0
ARW,5065,0
ARTW,3523,0
ASH,2820,0
ALOT,3577,0
ATRO,3640,0
REX,2860,0
ADSK,7370,0
ADP,7374,0
AVY,2670,0
AVT,5065,0
AZZ,3640,0
BRT,6798,1
BMI,3824,0
BCPC,2834,0
PTVCB,6331,1
BLL,3411,0
BPOP,6020,1
BOH,6020,1
BK,6020,1
B,3490,0
BRN,1311,0
BSET,2511,0
BAX,2834,0
AIT,5080,0
BDX,3841,0
BELFB,3677,0
VZ,4812,0
BBY,5731,0
BIO,3826,0
NIMU,3845,0
BKH,4911,1
HRB,7200,0
VAL,1381,0
BA,3721,0
RHI,7363,0
RFP,2621,0
BRC,3990,0
BRID,2013,0
BMY,2834,0
CAL,3140,0
BC,3510,0
MTRN,3330,0
CXEE,8711,0
MTZ,1623,0
UIS,7373,0
BUKS,8741,0
RAMP,7370,0
CI,6324,1
CNA,6331,1
CSPI,7373,0
CSX,4011,0
CTS,3670,0
TLS,7373,0
CVV,3559,0
CBT,2890,0
CACI,7373,0
CAMP,3663,0
KRED,2086,0
CWT,4941,1
CPB,2030,0
STZ,2082,0
CPTP,6519,1
CAH,5122,0
CSL,2950,0
CRS,3312,0
CASY,5412,0
CTAM,5051,0
CAT,3531,0
CATO,5621,0
CVCO,2452,0
RFIL,3678,0
LUMN,4813,0
MGLN,8741,0
CMD,3845,0
CHE,8082,0
JPM,6020,1
CPK,4923,1
CLSN,2836,0
CVX,2911,0
CVR,3452,0
EAT,5812,0
CHD,2840,0
CHDN,7990,0
CBB,4813,0
CTAS,7200,0
IHRT,4832,0
CLF,3310,0
CLX,2842,0
COKE,2086,0
KO,2086,0
CDE,1040,0
COHR,3826,0
COHU,3825,0
CL,2844,0
CCF,2891,0
AON,6411,1
CMCSA,4841,0
CMA,6020,1
CBSH,6020,1
C,6199,1
CMC,3312,0
JCS,3661,0
CAR,7510,0
CHCR,6324,1
DXC,7370,0
CTG,7370,0
CMTL,3663,0
CAG,2000,0
RAVE,6794,1
SSTK,7370,0
TCI,6512,1
ED,4931,1
BH,5812,0
CTO,6798,1
CMS,4931,1
CLR,1311,0
CTB,3011,0
COO,3851,0
TAP,2082,0
GLW,3679,0
CNIG,4923,1
CUZ,6798,1
CBRL,5812,0
CR,3490,0
OMF,6141,1
CCK,3411,0
CRWS,2211,0
CUB,3578,0
CFR,6020,1
CULP,2211,0
CMI,3510,0
CW,3728,0
GTBP,2834,0
WEN,5812,0
DAN,3714,0
DHR,3826,0
DAIO,3825,0
DWSN,1382,0
TGT,5331,0
DE,3523,0
DAL,4512,0
DLX,2780,0
DTE,4931,1
ATGE,8200,0
PYYX,5190,0
DBD,3578,0
NSYS,3679,0
DDS,5311,0
DIOD,3674,0
DIS,4888,0
DXYN,2273,0
DG,5331,0
D,4911,1
DCI,3714,0
RRD,2750,0
DMLP,6792,1
DOV,3585,0
DD,2860,0
OMC,7311,0
ASNAQ,5621,0
DCO,3728,0
DUK,4931,1
DNB,7323,0
FLS,3561,0
DY,1623,0
DYNT,3845,0
DYSL,3827,0
PKI,3826,0
EML,3420,0
EGP,6798,1
KODK,3577,0
ETN,3620,0
ECL,2842,0
EDUC,5190,0
ELSE,3823,0
EMR,3823,0
MSN,3651,0
WFTLF,1381,0
ATO,4924,1
MARA,7374,0
EBF,2761,0
ENZN,2836,0
ENZ,8071,0
EFX,7323,0
EQT,4923,1
ESCA,3949,0
ESP,3679,0
NEU,2860,0
KINS,6331,1
EXPD,4731,0
BOOM,3533,0
IIIN,3310,0
XOM,2911,0
FMC,2870,0
NEE,4911,1
FARM,2090,0
FDX,4513,0
FNMA,6111,1
FRT,6798,1
FSS,3711,0
M,5311,0
FOE,2851,0
CLBS,2836,0
FITB,6020,1
RF,6020,1
TRMK,6020,1
FCNCA,6020,1
FCIC,9995,0
MTB,6020,1
FHRT,6510,1
USB,6020,1
FHN,6020,1
BDL,5812,0
FLXS,2510,0
FLO,2050,0
FLR,1600,0
FONR,8071,0
F,3711,0
FSTR,5051,0
FELE,3621,0
BEN,6282,1
FEIM,3825,0
FRD,3310,0
FUL,2891,0
GATX,4700,0
AJG,6411,1
TGNA,4833,0
GPS,5651,0
AJRD,3760,0
GD,3721,0
GE,9997,0
JOB,7361,0
GIS,2040,0
ALLY,6172,1
GM,3711,0
SPXC,3585,0
GCO,5661,0
GNTX,3714,0
GPC,5013,0
GTY,6798,1
GIGA,3670,0
GLT,2621,0
GDRZF,1040,0
GT,3011,0
GRC,3561,0
GRA,2810,0
GGG,3561,0
GHM,3443,0
GWW,5000,0
GEF,2650,0
MGI,6099,1
GYRO,6512,1
HMG,6798,1
HAL,1389,0
LHX,3812,0
HSC,3390,0
HAS,3944,0
AMOT,3621,0
HVT,5712,0
HE,4911,1
HWKN,5160,0
HCSG,7340,0
WELL,6798,1
STRL,1600,0
HL,1040,0
HEI,3724,0
KHC,2030,0
HELE,3634,0
HP,1381,0
HSY,2060,0
HTZGQ,7510,0
HPQ,3570,0
HXL,2821,0
CRAWA,3564,0
HRC,2590,0
HLT,7011,0
HFC,2911,0
HD,5211,0
HNI,2522,0
HRL,2011,0
CNP,4931,1
HOV,1531,0
UBA,6798,1
HUBB,3640,0
JBHT,4213,0
HBAN,6020,1
HURC,3823,0
HBP,5031,0
IEC,3672,0
BVH,6035,1
ITT,3561,0
RYN,6798,1
IDA,4911,1
ITW,3560,0
TLGT,2834,0
IEHC,3678,0
TT,3585,0
RYI,5051,0
AEGN,1623,0
GFF,3420,0
INTC,3674,0
INS,7372,0
INRD,3679,0
ITDN,9995,0
TILE,2273,0
IBM,7370,0
IFF,2860,0
NAV,3711,0
IDCC,6794,1
IP,2631,0
IPG,7311,0
IVC,3842,0
J,1600,0
EME,1731,0
JNJ,2834,0
JCI,3585,0
KLAC,3827,0
SHLDQ,5311,0
KMI,4923,1
PNRG,1311,0
KAMN,3720,0
KSU,4011,0
EVRG,4931,1
K,2040,0
KELYA,7363,0
KMT,3540,0
KEQU,3821,0
KTCC,3670,0
KBAL,2520,0
KMB,2621,0
KEX,4400,0
KOSS,3651,0
KR,5411,0
KLIC,3559,0
LYTS,3640,0
LXU,2810,0
LZB,2510,0
SR,4924,1
LRCX,3559,0
LANC,2030,0
LAWS,5072,0
LEE,2711,0
LEG,2510,0
LEN,1531,0
JEF,6211,1
STSC,1311,0
LLY,2834,0
LB,5600,0
LECO,3540,0
LNC,6311,1
LMT,3760,0
L,6331,1
RRC,1311,0
LPX,2400,0
LOW,5211,0
LUB,5812,0
LDL,3714,0
LGL,3679,0
MDC,1531,0
MDU,4932,1
MTSC,3829,0
MGEE,4931,1
MTW,3530,0
MRO,1311,0
MCS,7830,0
HST,6798,1
MMC,6411,1
MAS,3430,0
IMUND,2836,0
MAT,3942,0
MLP,6552,1
MAYS,6512,1
MKC,2090,0
MCD,5812,0
MGRC,7359,0
SPGI,7323,0
MCK,5122,0
MKTY,3829,0
GENC,3567,0
MDT,3845,0
PSSR,7372,0
CVS,5912,0
MRK,2834,0
MDP,2721,0
MLAB,3823,0
MSB,6795,1
MEI,3678,0
EVI,5080,0
MXC,1311,0
SIEB,6211,1
MIK,5945,0
MU,3674,0
MPAD,3674,0
MFCO,3679,0
ETR,4911,1
MSEX,4941,1
MLHR,2520,0
MSA,3842,0
MMM,2670,0
ALE,4931,1
MOD,3714,0
MNR,6798,1
QDEL,2835,0
MSI,3663,0
MUR,1311,0
INTG,7011,0
MYE,3089,0
VTRS,2834,0
BAC,6020,1
NCR,7370,0
NL,3562,0
BMRA,2835,0
NSSC,3669,0
NATH,2013,0
NFG,4924,1
NHC,8051,0
THC,8062,0
GPX,8200,0
NPK,3480,0
NATR,2834,0
CRMZ,7323,0
NJR,4924,1
NUVR,4813,0
NYT,2711,0
NWL,3990,0
NEM,1040,0
NR,5160,0
NKE,3021,0
NOBH,2451,0
NROM,6794,1
NDSN,3569,0
JWN,5651,0
NSC,4011,0
NC,1221,0
MOV,3873,0
ES,4931,1
NI,4932,1
XEL,4931,1
NTRS,6020,1
NOC,3812,0
TEX,3530,0
NWN,4924,1
NWE,4931,1
WFC,6020,1
NUE,3312,0
OXY,1311,0
OBCI,2842,0
OII,1389,0
ITI,8711,0
VTOL,4522,0
FE,4911,1
ODC,3290,0
OGE,4931,1
OLN,2810,0
OLP,6798,1
OKE,4923,1
OTTR,4911,1
OSG,4412,0
OMI,5047,0
OC,3290,0
OI,3221,0
OXM,2300,0
PFIN,3540,0
PNC,6020,1
PPG,2851,0
PCAR,3711,0
PCG,4931,1
SRE,4931,1
PAR,3578,0
PARF,2060,0
PKE,3672,0
PKOH,5072,0
PKDC,1381,0
PH,3490,0
PATK,3714,0
GDP,1311,0
PAYX,8721,0
AFG,6331,1
PVAC,1311,0
PPL,4911,1
PEI,6798,1
PNR,3561,0
PEP,2080,0
TPC,1540,0
PDCE,1311,0
PFE,2834,0
EXC,4911,1
WTRG,4941,1
MO,2111,0
COP,1311,0
PVH,2300,0
SENEA,2033,0
AGYS,7372,0
PIPR,6211,1
PBI,3579,0
PW,6798,1
IPDN,7370,0
PCH,2421,0
POWL,3613,0
PG,2840,0
PNM,4911,1
PEG,4931,1
PHM,1531,0
PGAI,6532,1
PCYO,4950,1
AGX,8711,0
KWR,2990,0
NXGN,7372,0
ASYS,3559,0
QMCO,3572,0
RCMT,7363,0
RJF,6211,1
RES,1389,0
RPM,2890,0
USLM,1400,0
RAVN,3080,0
IHT,6798,1
RBC,3621,0
RGS,7200,0
AN,5500,0
RELL,5065,0
RSKIA,3669,0
RAD,5912,0
RGCO,4924,1
ROK,3620,0
ROG,3672,0
ROL,7340,0
ROST,5651,0
RGLD,6795,1
R,7510,0
SEIC,6282,1
SJW,4941,1
PVCT,2834,0
SFE,6799,1
SLB,1389,0
SCHL,2731,0
SCND,3821,0
SLGD,2844,0
SEB,9997,0
APPS,7372,0
SEE,3081,0
IIN,3842,0
SMTC,3674,0
SCI,7200,0
SVT,3621,0
SHEN,4813,0
SHW,2851,0
SIF,3724,0
MUX,1040,0
AOS,3630,0
SJM,2033,0
SNA,3420,0
KEY,6020,1
SODI,3674,0
SON,2650,0
SJI,4924,1
EIX,4911,1
AWR,4941,1
SO,4911,1
LUV,4512,0
SWX,4923,1
T,4812,0
SWN,4923,1
SHYF,3711,0
STAA,3851,0
SMP,3690,0
SXI,3585,0
SWK,3540,0
SCX,3420,0
STT,6020,1
SCL,2840,0
STC,6361,1
PSA,6798,1
SYK,3842,0
NAVI,6111,1
RGR,3480,0
SUP,3714,0
SGC,2300,0
SBOW,1311,0
TPHS,6512,1
SYNL,3317,0
SYY,5140,0
TSRI,7371,0
TAYD,3569,0
TISI,8734,0
TCCO,3663,0
SSY,5912,0
TRC,100,0
ATI,3350,0
TFX,3841,0
TDS,4812,0
TNC,3580,0
TEN,3714,0
TER,3825,0
ETAH,8090,0
TXN,3674,0
TPL,6792,1
TXT,3721,0
TMO,3826,0
THO,3790,0
TDW,4400,0
SIX,7996,0
TKR,3562,0
TOFB,2024,0
TR,2060,0
GL,6311,1
TTC,3523,0
TNLX,3990,0
TRNS,5084,0
TRN,3743,0
TRT,3559,0
VNRX,2835,0
TWIN,3560,0
TYL,7373,0
TSN,2011,0
UAL,4512,0
UGI,4932,1
UNAM,6331,1
UFI,2200,0
UNF,2300,0
AEE,4931,1
UNP,4011,0
GFOO,2834,0
UNTC,1311,0
UDR,6798,1
UG,2834,0
UNH,6324,1
UMBF,6020,1
UMH,6798,1
UPS,4210,0
UAMY,3330,0
USEG,1311,0
RTX,3724,0
SGMS,3570,0
UTL,4931,1
SXT,2860,0
UVV,5150,0
UUU,3669,0
UHS,8062,0
UTMD,3845,0
VFC,2320,0
VSEC,8711,0
VMI,3440,0
VALU,2741,0
VECO,3559,0
VCON,3669,0
VIDE,3670,0
VLGEA,5411,0
VIRC,2531,0
VSH,3670,0
VOLT,7363,0
VNO,6798,1
VMC,1400,0
WDFC,2890,0
WMT,5331,0
WBA,5912,0
GHC,8200,0
WRE,6798,1
AVA,4931,1
WSO,5070,0
WRI,6798,1
WMK,5411,0
GBR,6512,1
WST,3060,0
WDC,3572,0
WLBAQ,1220,0
WEYS,5130,0
WY,2400,0
WHR,3630,0
WMB,4922,1
WSM,5961,0
WGO,3790,0
JAX,5812,0
WEC,4931,1
LNT,4931,1
WWW,3140,0
WWD,3620,0
FL,5661,0
WOR,3310,0
XRX,3577,0
KEGX,1381,0
YELL,4213,0
YORW,4941,1
SPB,3420,0
TJX,5651,0
ZION,6020,1
FLUX,3690,0
OSK,3711,0
WTM,6351,1
UCBB,8090,0
QLYS,7372,0
ALEX,6798,1
SF,6211,1
OVV,1311,0
LCII,3711,0
JKHY,7373,0
ASB,6020,1
NMIH,6351,1
TFC,6020,1
VLY,6020,1
ARKR,5812,0
BXG,7011,0
PPCB,2836,0
FMBI,6020,1
AITA,9995,0
NGVC,5400,0
ACUR,2834,0
CAWW,2844,0
RMCF,2060,0
INTEQ,4899,0
MJTV,2834,0
RBB,6020,1
LAND,6798,1
ALTX,1311,0
ELA,5990,0
BIG,5331,0
MS,6211,1
TROW,6282,1
NNN,6798,1
MSFT,7372,0
ORCL,7370,0
COTY,2844,0
RGEN,2836,0
XOMA,2836,0
ASTE,3531,0
WERN,4213,0
MPLX,4610,0
DLHC,8090,0
VGZ,1040,0
REFR,8731,0
AMWD,2430,0
HOG,3751,0
SKYW,4512,0
TOL,1531,0
GROW,6282,1
KSPN,5961,0
POR,4911,1
VIVO,2835,0
IT,8700,0
WTS,3490,0
PDEX,3841,0
NVR,1531,0
INT,5172,0
CLFD,3679,0
ATUS,4841,0
ADBE,7370,0
JOE,7011,0
HRTH,7331,0
DJCO,7372,0
HSTC,8060,0
CYAN,2833,0
VHI,2810,0
EHC,8060,0
LAKE,3842,0
PTSI,4213,0
CNO,6321,1
MHO,1531,0
MRTN,4213,0
FISV,7374,0
KBH,1531,0
CVM,2836,0
ABEO,2836,0
ANIX,2836,0
APYX,3845,0
IBAL,3569,0
UNM,6321,1
VRTC,7372,0
STKL,2086,0
PPC,2015,0
CLGX,7374,0
GTII,3590,0
ISR,2836,0
JJSF,2050,0
DKL,5171,0
HTLD,4213,0
CERN,7373,0
ICAD,3845,0
SUN,5172,0
MKL,6331,1
OSUR,2835,0
FRPH,6512,1
RGRX,2834,0
PLXS,3672,0
IOR,6162,1
CDZI,4941,1
IMKTA,5411,0
XSPA,7990,0
SNV,6020,1
RDNT,8071,0
JACK,5812,0
RCHA,2836,0
PEAK,6798,1
CMO,6798,1
SOTK,3690,0
CYTR,2836,0
CDR,6798,1
PLAB,3674,0
ICCC,2835,0
KRMD,3841,0
SAFM,2015,0
PGR,6331,1
RLI,6331,1
VOXX,3651,0
STCB,7310,0
DXLG,5651,0
CDNS,7372,0
BRY,1311,0
OPY,6211,1
PED,1311,0
EBIX,7372,0
SNGX,2834,0
CCL,4400,0
DRE,6798,1
NNUTU,100,0
MBI,6351,1
BDN,6798,1
MIDD,3580,0
EQC,6798,1
UHT,6798,1
CPSH,3290,0
CRMT,5500,0
ABMD,3841,0
CNMD,3845,0
GRST,8060,0
ARCW,3490,0
XRAY,3843,0
IEP,9997,0
FUN,7996,0
VIAC,4888,0
ZTS,2834,0
PMD,8071,0
NAII,2834,0
HRTX,2836,0
THMO,3821,0
FICO,7373,0
RGLS,2836,0
SMLP,1311,0
COOP,6162,1
JOUT,3690,0
GBCS,6798,1
FGPR,5900,0
VGR,6531,1
SCHW,6282,1
CLH,4955,1
AIN,2221,0
CYBE,3827,0
FKWL,3661,0
MITK,3577,0
UMEWF,7370,0
VTDRF,1381,0
FULT,6020,1
FAST,5000,0
WABC,6020,1
MXIM,3674,0
HLF,5122,0
APH,3678,0
IPAR,2844,0
PII,3790,0
ICPT,2836,0
PXD,1311,0
USM,4812,0
MAN,7363,0
ITIC,6361,1
DX,6798,1
MGM,7990,0
QTXB,3841,0
WM,4953,1
DELL,3571,0
NUZE,2090,0
SSP,4833,0
TEVA,2834,0
SAMG,6282,1
IIVI,3827,0
MERC,2611,0
FCX,1000,0
AB,6799,1
CDMO,2835,0
ODP,5940,0
NEN,6513,1
MTH,1531,0
ARCH,1220,0
CMT,3089,0
WRB,6331,1
CINF,6331,1
ORI,6331,1
LFAP,3949,0
MGPI,2085,0
DDD,3559,0
AUSI,3621,0
DVN,1311,0
LNN,3523,0
AFTM,7819,0
LH,8071,0
CSBR,2836,0
VASO,5047,0
WDAY,7370,0
CPE,1311,0
LWAY,2020,0
MFA,6798,1
RPT,6798,1
LKAI,1040,0
STAR,6798,1
AGM,6111,1
SRCE,6020,1
FMCC,6111,1
CAPL,5172,0
WWR,3620,0
VLO,2911,0
TRS,3460,0
IEX,3561,0
EMMS,4832,0
MLI,3350,0
TCF,6020,1
ARGO,6351,1
TECH,2836,0
BRO,6411,1
AMBA,3674,0
TG,3081,0
HGEN,2836,0
PTPF,8742,0
SIG,5944,0
PRTK,2834,0
SRAX,7370,0
HHER,7370,0
HGBL,6799,1
NLOK,7372,0
PQEFF,1311,0
SPWH,5940,0
QRHC,4950,1
PUGE,3577,0
INVU,7370,0
ABBV,2836,0
APAM,6282,1
CONE,6798,1
GMRE,6798,1
CGNX,3823,0
WES,4922,1
PBCT,6020,1
ENTA,2836,0
VOYA,6311,1
CRUS,3674,0
NEOG,2834,0
HNGR,8093,0
LEVI,2300,0
LEA,2531,0
EOG,1311,0
RSPI,2836,0
BCC,5031,0
ZIXI,7370,0
PRLX,7370,0
SFBS,6020,1
WSCO,8742,0
LSCC,3674,0
ATAX,6799,1
TMHC,1531,0
AROW,6020,1
AAME,6321,1
NBN,6020,1
BMTC,6020,1
CPF,6020,1
DGII,3576,0
DGICA,6331,1
BSTG,2836,0
AAMC,6500,1
EA,7372,0
HMHC,2731,0
PRTA,2836,0
CNBKA,6020,1
CIA,6311,1
FBNC,6020,1
CHCO,6020,1
CBU,6020,1
FBP,6020,1
GBCI,6020,1
FRME,6020,1
TVTX,2836,0
LFT,6798,1
INDB,6020,1
IBCP,6020,1
ATNM,2836,0
ANY,7372,0
OFG,6020,1
PEBK,6020,1
XONE,3550,0
IGAP,3845,0
MCY,6331,1
NSEC,6331,1
NWLI,6311,1
ONB,6020,1
IMGN,2836,0
PEBO,6020,1
SIGI,6331,1
SIVB,6020,1
IHC,6321,1
WSFS,6035,1
WAFD,6020,1
WBS,6020,1
WSBC,6020,1
ACNB,6020,1
KTRA,2836,0
SNFCA,6162,1
SBCF,6020,1
XXII,2836,0
FFBC,6020,1
BLFS,2836,0
TALO,1311,0
TMP,6020,1
TRST,6035,1
UBSI,6020,1
UFCS,6331,1
ASRV,6020,1
NVEE,8711,0
SFIV,5731,0
CWGL,2084,0
PFSI,6162,1
ARTNA,4941,1
SKKY,7370,0
AMNB,6020,1
MRIN,7370,0
ANAV,7370,0
PME,2090,0
IBTX,6020,1
DRIO,2835,0
CMXC,3845,0
MMMB,2030,0
CMRX,2836,0
THST,2084,0
CCNE,6020,1
LBTD,7812,0
MODN,7370,0
RBNC,6020,1
PTRC,1311,0
AHH,6798,1
AMH,6798,1
BKSC,6020,1
RZLT,2836,0
ADMA,2836,0
TGRF,6020,1
HMTV,4833,0
TSC,6020,1
CVLY,6020,1
AXIM,2834,0
CNOB,6020,1
EKSO,3845,0
TPNI,7370,0
AEYE,7370,0
SUND,6153,1
HASI,6798,1
DPSM,7372,0
EPZM,2836,0
ECOM,7370,0
EARN,6798,1
TMUS,4812,0
NCBS,6020,1
CHMG,6020,1
NRZ,6798,1
PGLO,4991,1
IKNX,2840,0
HTBX,2836,0
JRVS,3577,0
ALLM,2990,0
AEGG,1311,0
IQV,8731,0
PSXP,4610,0
SFM,5411,0
FI,1389,0
ALYE,7359,0
BPOL,5070,0
BLUE,2836,0
CCS,1531,0
ENBP,6020,1
NSTG,2835,0
BMIX,1400,0
COMM,3663,0
CZNC,6020,1
FRBK,6020,1
NWSA,2711,0
NDLS,5812,0
FNB,6020,1
REXR,6798,1
CHMI,6798,1
PWCO,8711,0
MNKKQ,2834,0
TGEN,3621,0
ARTH,2836,0
GLG,6159,1
DOC,6798,1
AGIO,2836,0
ESPR,2836,0
NWHM,1531,0
ONTX,2836,0
EVOK,2834,0
FDBC,6020,1
ANIP,2834,0
WTER,2086,0
CNABQ,2834,0
FCF,6020,1
FVCB,6020,1
MBII,2870,0
THFF,6020,1
DSS,7373,0
CWEN,4911,1
FKYS,6020,1
SC,6141,1
FLIC,6020,1
USFD,5140,0
PGEN,2836,0
FOXF,3751,0
CINR,1400,0
BUSE,6020,1
ENCR,3620,0
FUNC,6020,1
BRX,6798,1
FRAF,6020,1
CBDS,8090,0
ALKM,2086,0
EAST,2085,0
LPCN,2834,0
FPRX,2836,0
ALRS,6020,1
SPNT,6331,1
AR,1311,0
PAGP,5171,0
FEYE,7373,0
NXTD,7373,0
VEND,5900,0
IRT,6798,1
MUSA,5500,0
IPWR,3613,0
XLRN,2836,0
HBNC,6020,1
CLRO,3663,0
CHGG,7370,0
BNFT,7370,0
FATE,2836,0
AAOI,3674,0
IMNPQ,2836,0
ISEE,2836,0
QTS,6798,1
AXPWQ,3690,0
RMAX,6531,1
CANN,8742,0
PINC,5122,0
LGIH,1531,0
RNG,7370,0
BDGY,7370,0
MGNX,2836,0
ASXC,3841,0
BURL,5600,0
SAIC,7373,0
ACAN,6512,1
VEEV,7370,0
CBFV,6020,1
PTC,7372,0
LKFN,6020,1
AIKI,6794,1
ESNT,6351,1
AERI,2836,0
CRTO,7311,0
PROP,3533,0
GLPI,6798,1
PBPB,5812,0
TCS,5700,0
ESBA,6798,1
OPVS,3674,0
TWTR,7370,0
COSM,5122,0
EXPI,6531,1
GLYC,2836,0
CUEN,4813,0
AMRX,2834,0
TKAT,7370,0
TNDM,3845,0
TRVN,2836,0
KPTI,2834,0
XNCR,2836,0
MFBP,6020,1
VCYT,2835,0
CXUS,7374,0
PMHG,6020,1
STKS,5812,0
MMI,6531,1
REPH,2834,0
MOXC,7370,0
VRNS,7372,0
CWH,5500,0
BHR,6798,1
APTY,7372,0
NBTB,6020,1
BIOC,2835,0
HNRG,1220,0
BPSR,2836,0
OVBC,6020,1
SNYR,2834,0
KIN,2836,0
RARE,2836,0
OSBC,6020,1
CARA,2836,0
PWOD,6020,1
STAY,7011,0
TACO,5812,0
AMRK,5051,0
VNCE,2300,0
CELP,1389,0
SMLR,3845,0
CAPR,2836,0
NTIC,2890,0
CTBI,6020,1
KOAN,2833,0
ENBL,4922,1
INGN,3845,0
BRG,6798,1
PLPC,3640,0
AAGH,9995,0
PRK,6020,1
GKIT,3714,0
SFNC,6020,1
GRLB,2721,0
MBUU,3730,0
BMTM,7310,0
DENN,5812,0
GIII,2300,0
ITCI,2836,0
GNCA,2836,0
GSBC,6020,1
PPIH,3490,0
PHX,1311,0
LADR,6798,1
SESN,2836,0
COCP,2834,0
DRNA,2836,0
RVNC,2836,0
FTAI,7359,0
OUT,6798,1
FLXN,2834,0
IBP,1700,0
OGS,4924,1
KN,3670,0
AGFS,2870,0
FPI,6798,1
FGF,6331,1
CNCE,2836,0
STBA,6020,1
GCI,2711,0
TPCO,2711,0
LE,5961,0
CTRE,6798,1
CBAY,2836,0
HEAR,3577,0
XDSL,3690,0
SSET,7812,0
LC,6141,1
SABR,7370,0
OXBR,6331,1
AUB,6020,1
NLTX,2834,0
AKAOQ,2836,0
RESN,3674,0
PCTY,7370,0
QUOT,7370,0
MGNI,7310,0
HEPA,2836,0
EXEO,3651,0
CDXI,2834,0
CSLT,7370,0
EGRX,2834,0
CURM,7370,0
CPLG,6798,1
RMNI,7370,0
FCBP,6020,1
UVSP,6020,1
ARAV,2836,0
ATEN,3576,0
CIO,6798,1
VRTV,5110,0
AKBA,2836,0
WASH,6020,1
QTWO,7370,0
TWOU,8200,0
GRUB,7370,0
FIVN,7370,0
MC,6282,1
ENLC,4922,1
CMCT,6798,1
AGTC,2836,0
WATT,3690,0
MEDP,8731,0
AGRX,2834,0
TMST,3312,0
ALDX,2836,0
CVBF,6020,1
CVEO,7011,0
CSWC,6797,1
SCYX,2836,0
ADMS,2834,0
BGSF,7363,0
FREVS,6798,1
PETV,3842,0
BOX,7370,0
TMX,7340,0
CCBG,6020,1
PAHC,2833,0
PAYC,7370,0
WMS,3080,0
MDIT,3826,0
QTNT,2835,0
MTBC,7370,0
SDPI,3533,0
SMG,2870,0
ICON,6794,1
NERV,2836,0
CTLT,2834,0
ZEN,7370,0
KEYS,3825,0
TBPH,2836,0
DNOW,5084,0
HLBYL,2860,0
LOB,6020,1
PRMW,2086,0
WPG,6798,1
ARES,6282,1
OEC,2890,0
HRTG,6331,1
SLM,6141,1
GWGH,6799,1
WLKP,2860,0
GSS,1040,0
RYAM,2820,0
LMB,1700,0
VNOM,6792,1
PBFX,4610,0
FOMC,5500,0
COG,1311,0
NAOV,3845,0
MRNS,2836,0
MDCA,7311,0
NLBS,2834,0
NG,1040,0
DMTK,2835,0
ISTR,6020,1
GPRO,3861,0
ARDX,2836,0
SNDX,2836,0
DEN,1311,0
NEP,4911,1
GGROU,700,0
AMPH,2834,0
VEC,8744,0
FFWM,6020,1
SYF,6141,1
KE,3674,0
DOOR,2430,0
LTRPA,7370,0
RLMD,2834,0
SPKE,4931,1
ANET,3576,0
MTNB,2834,0
CSCO,3576,0
BXMT,6798,1
HQY,7370,0
SLNO,3845,0
HOLX,3844,0
CLIS,7370,0
TRUP,6324,1
SAGE,2836,0
SHLX,4610,0
IRMD,3841,0
PLYM,6798,1
CNNE,5812,0
ATEX,4899,0
HSDT,3845,0
ZSAN,2834,0
LNTH,2835,0
XENT,3842,0
ATRA,2836,0
OCUL,2836,0
BSIG,6282,1
ADVM,2836,0
VKTX,2836,0
TTOO,2835,0
RMBL,5961,0
SPRS,5065,0
AKTS,3679,0
GRWC,7370,0
RWLK,3842,0
ADMT,2891,0
AXDX,2835,0
LOCO,5812,0
ABMC,2835,0
OTIC,2836,0
ICD,1381,0
NBEV,2086,0
CFRX,2836,0
LBRDK,4812,0
NTN,7370,0
TTI,1389,0
VICR,3679,0
CGA,2870,0
PBLA,2836,0
EYEG,2834,0
ABWN,4899,0
FCUV,3829,0
AVNS,3842,0
NNUP,6794,1
EYES,3845,0
GVA,1600,0
CRC,1311,0
RDGA,9995,0
LSTR,4213,0
KMPR,6331,1
UNVR,5160,0
CZFS,6020,1
VYNE,2834,0
CMTV,6020,1
W,5961,0
AAON,3585,0
MDLY,6282,1
CREX,7372,0
ELST,3663,0
CIVB,6020,1
RYTM,2836,0
PGRE,6798,1
GWB,6020,1
CALA,2836,0
USDP,4610,0
STOR,6798,1
VBTX,6020,1
IAIC,7371,0
LWEL,9995,0
PRAH,8731,0
NVEC,3674,0
XENE,2836,0
CDK,7370,0
MMSI,3841,0
FRPT,2040,0
VCTR,6282,1
CTXR,2834,0
CZR,7990,0
TBK,6036,1
BSGM,3845,0
CFG,6020,1
HESM,1311,0
TUSK,1389,0
VIVE,3845,0
CHRS,2836,0
HUBS,7370,0
TLCC,2834,0
MRMD,2834,0
BOOT,5661,0
FGEN,2836,0
PANL,4412,0
NVRO,3845,0
VERB,7370,0
WK,7370,0
DPDW,1382,0
SNR,6798,1
CRBP,2836,0
SIEN,3842,0
SYNH,8731,0
UPLD,7370,0
GRBK,1531,0
MCF,1311,0
JYNT,6794,1
IBOC,6020,1
NMRD,3845,0
AINC,6282,1
LMRK,6519,1
AXTA,2851,0
MICR,3845,0
FND,5211,0
UNIR,2200,0
UFAB,3714,0
NEWR,7370,0
ICBK,6020,1
TBI,7363,0
BLCM,2836,0
HCA,8062,0
SND,1400,0
XLNX,3674,0
UTGN,6311,1
EWLU,2834,0
ELRE,7370,0
GNSS,3651,0
BZYR,2836,0
CURO,6141,1
PARR,2911,0
UE,6798,1
CRON,2834,0
GTIM,5812,0
GMS,5030,0
PIRS,2836,0
SUM,1400,0
LCI,2834,0
ZI,7370,0
VSTO,3480,0
ESTE,1311,0
SHAK,5812,0
DEA,6798,1
TCON,2836,0
AVGR,3841,0
INOV,7370,0
HTGM,2835,0
SYBT,6020,1
PUBC,1000,0
PATI,4213,0
CC,2860,0
TIKK,3825,0
SIAF,200,0
CWBR,2836,0
TRMB,3829,0
VERU,3060,0
AJX,6798,1
CKX,6792,1
NVTA,8071,0
GRNQ,8741,0
ALPE,2810,0
BLPH,3845,0
RSRV,1311,0
EPIX,2836,0
FNWB,6036,1
XHR,6798,1
EXPO,8742,0
REBL,7900,0
GDDY,7370,0
UNIT,6798,1
SHMP,200,0
ENR,3690,0
BHE,3672,0
NXRT,6798,1
FRTA,3272,0
RKDA,2836,0
VRAY,3845,0
GENN,8051,0
SEDG,3674,0
NSA,6798,1
BLBD,3713,0
MTRX,1623,0
BNED,5940,0
ESE,3825,0
CABO,4841,0
INUV,7370,0
ETSY,7370,0
OPGN,2835,0
BLD,1700,0
PJT,6200,1
LITE,3576,0
ETH,2510,0
BNKL,3842,0
BIOL,3843,0
EVA,2400,0
XBIT,2836,0
TYME,2836,0
KMPH,2834,0
QNBC,6020,1
CDTX,2836,0
STQN,9995,0
TYHT,2834,0
FUTL,6519,1
UPDC,2834,0
BPMC,2836,0
VIRT,6211,1
BSM,1311,0
LNGB,6411,1
NRIM,6020,1
OPRX,7370,0
CVA,4950,1
CPMD,2834,0
CATY,6020,1
HZN,3714,0
CDAY,7370,0
PFHD,6020,1
COLL,2834,0
CHCT,6798,1
IFNY,1311,0
TRKA,7370,0
HXBM,2836,0
ADAP,2836,0
HAYN,3310,0
SMTI,3842,0
LIFE,2836,0
ALTA,6020,1
PAVM,3841,0
CYH,8062,0
IINX,3577,0
TEHG,7370,0
DORM,3714,0
VWTR,6552,1
CCEL,8090,0
PSB,6798,1
AZO,5531,0
IO,1382,0
REGN,2834,0
EVH,7372,0
WING,5812,0
EXTN,1389,0
BW,3510,0
GRSO,5200,0
SIOX,2836,0
APLE,6798,1
X,3312,0
CATB,2836,0
GKOS,3841,0
GNL,6798,1
AXAS,1311,0
ABCP,9995,0
HAE,3841,0
IONS,2834,0
APPF,7370,0
GPP,4610,0
OLLI,5331,0
VERX,7370,0
CFMS,3842,0
TTCM,7372,0
LCUT,3420,0
SPND,1311,0
ALRM,7370,0
FCFS,5900,0
DBI,5661,0
NTRA,8071,0
MCRB,2836,0
IDXX,2835,0
ISIG,7310,0
AES,4991,1
CRVL,6411,1
HWC,6020,1
STFC,6331,1
IMBI,5961,0
TDOC,8090,0
AMBC,6351,1
DIN,6794,1
KALU,3350,0
ALKS,2834,0
MNST,2086,0
SRG,6798,1
VRTX,2834,0
MNRO,7500,0
LIND,4700,0
PRGS,7372,0
MTG,6351,1
TVTY,8090,0
ZBRA,3577,0
BOXL,3861,0
AQMS,4953,1
RBAC,9995,0
AEY,5065,0
EZPW,5900,0
PRA,6331,1
BOKF,6020,1
SPNE,3842,0
FIZZ,2086,0
BIIB,2836,0
ISGN,7372,0
MSGS,7900,0
RPD,7372,0
PULM,2836,0
OOMA,4813,0
VTVT,2836,0
CHMA,2836,0
NHI,6798,1
DSKE,4213,0
BCDA,2836,0
AGLE,2836,0
CSWI,2800,0
WTT,3663,0
FLOW,3561,0
PYPL,7374,0
ODFL,4213,0
RHP,6798,1
TRU,7323,0
IDEX,6200,1
JAN,4953,1
ABQQ,7372,0
HMN,6331,1
ATNI,4812,0
WNC,3715,0
LILAK,4841,0
WRLD,6141,1
CLOW,9995,0
KIM,6798,1
AKOM,4899,0
WETF,6282,1
JBSS,2060,0
PRGO,2834,0
TTEK,8711,0
AMSC,3621,0
BLGO,2860,0
QCOM,3674,0
OFC,6798,1
AHPI,3842,0
PEYE,3845,0
SPOK,4812,0
GILD,2836,0
PLNT,7997,0
MSON,3841,0
LMFA,6159,1
RUN,3620,0
MCFT,3730,0
ACFN,3812,0
ROP,3823,0
GOVX,2836,0
SNPS,7372,0
ELY,3949,0
LCTX,2836,0
LFVN,2834,0
VRTS,6282,1
USAK,4213,0
AERG,3600,0
CNFR,6331,1
CBKCQ,5621,0
ICUI,3841,0
MHK,2273,0
LIN,2810,0
ZYNE,2834,0
SRRA,2836,0
CNR,3448,0
ASUR,7370,0
KOPN,3674,0
RNST,6020,1
AGCO,3523,0
CASS,7389,0
HLI,6282,1
BKE,5651,0
OLED,3674,0
BSX,3845,0
KSS,5311,0
VBIV,2836,0
INTZ,7372,0
STE,3841,0
USPH,8000,0
PVBC,6036,1
FC,8200,0
LOOP,2821,0
BBBY,5700,0
CACC,6141,1
DHI,1531,0
GBT,2836,0
BNET,2870,0
COLB,6020,1
GPK,2650,0
JCTCF,5031,0
TWNK,2050,0
FCEL,3690,0
SBUX,5812,0
VLDI,7372,0
STRS,7011,0
NKSH,6020,1
CENTA,5140,0
PMTS,3674,0
WIRE,3357,0
AREC,1220,0
KW,6510,1
OHI,6798,1
ACI,5411,0
LTC,6798,1
ESMC,3845,0
CVU,3728,0
CAKE,5812,0
BHTG,3590,0
LFUS,3613,0
ASGN,7363,0
APTO,2836,0
PSTG,3572,0
GCEH,2070,0
CPSS,6159,1
MTX,1400,0
PDCO,5047,0
ULUR,2834,0
SITE,5080,0
RDN,6351,1
SGRY,8090,0
ACRS,2834,0
QUMU,7370,0
KAI,3550,0
STLY,9995,0
NAVB,2835,0
GURE,2810,0
LGND,2834,0
GTLS,3443,0
RGBD,5030,0
PESI,4955,1
CBIO,2836,0
SM,1311,0
UVE,6331,1
CKH,4412,0
EMPR,1311,0
HMSY,6411,1
ULBI,3690,0
MTCH,7370,0
FCBC,6020,1
PNPL,8742,0
KURA,2836,0
CIIT,9995,0
OBMP,2836,0
CTMX,2836,0
NVCR,3845,0
HOME,5700,0
RGNX,2836,0
PEN,3841,0
NBRV,2836,0
CERC,2834,0
HPE,3571,0
ANAB,2836,0
BRP,6411,1
SMBK,6020,1
AKTX,2836,0
LAZY,5500,0
ABTX,6020,1
LAUR,8200,0
IMII,1040,0
DLTH,5961,0
PLXP,2834,0
WVE,2836,0
VYGR,2836,0
AFI,3089,0
EQBK,6020,1
AXSM,2836,0
ARTL,2834,0
APLS,2834,0
RRR,7011,0
CNNB,6035,1
SQ,7374,0
MIME,7370,0
BGNE,2836,0
MRUS,2836,0
FCPT,6798,1
NBLX,4610,0
AC,6200,1
DTSS,3576,0
CLPR,6798,1
VNJA,1531,0
WBT,3580,0
ELVT,6141,1
SMIT,3823,0
XGN,2835,0
RMR,8741,0
KSHB,5160,0
FRHC,6211,1
FTV,3829,0
BLBX,7370,0
SENS,3845,0
AGR,4911,1
OCX,2836,0
SCWX,7372,0
YRIV,4400,0
NTNX,7370,0
HRI,7350,0
TRHC,7370,0
CLSD,2834,0
DFFN,2836,0
GCP,2860,0
OTLK,2836,0
BETRF,2836,0
TCMD,3845,0
CDEV,1311,0
MBRX,2836,0
EDIT,2836,0
RETA,2836,0
CRVS,2836,0
SRTS,3845,0
CRTD,7370,0
PTIX,2836,0
AIFM,3523,0
ATKR,3640,0
NRIS,1311,0
MGP,6798,1
EIGR,2836,0
ZEST,1311,0
MCBS,6020,1
NGVT,2860,0
AGHC,8071,0
NTLA,2836,0
EGY,1311,0
BFST,6020,1
BALY,7990,0
HMMR,4899,0
ZOM,2834,0
PLSE,3845,0
NH,7370,0
ZDGE,7372,0
ADNT,2531,0
APVO,2836,0
UAVS,3721,0
SELB,2836,0
TWLO,7370,0
VVV,2990,0
JELD,2430,0
PI,3674,0
SYRS,2836,0
HGV,6532,1
PK,6798,1
KDMN,2836,0
KIDS,3842,0
TPIC,3510,0
GOLF,3949,0
SMPL,2060,0
SOAN,2836,0
ACBM,2834,0
APHE,1311,0
HONE,6020,1
TLND,7370,0
AA,3330,0
RNDB,6036,1
KNSL,6331,1
YETI,3949,0
FHB,6020,1
PTGX,2836,0
WCFB,6035,1
XOG,1311,0
RAHGF,6159,1
MULG,2870,0
AZRX,2836,0
AIRG,3663,0
INSW,4412,0
OTTV,7370,0
MDGL,2834,0
ATOM,3674,0
NLS,3949,0
CAPS,2836,0
RCKY,3140,0
SITC,6798,1
CHK,1311,0
SGA,4832,0
CREE,3674,0
DFIN,7370,0
CTGL,3845,0
LIVN,3845,0
CRY,3842,0
UEIC,3651,0
AMR,1220,0
NMGX,2842,0
FBK,6020,1
EVBG,7370,0
ELS,6798,1
TTD,7370,0
UBCP,6020,1
NOVN,2834,0
RELV,2834,0
ELF,2844,0
SCON,3670,0
HUM,6324,1
SDON,9995,0
AVID,3861,0
INTU,7372,0
HALL,6331,1
DESTQ,5621,0
SCVL,5661,0
TENX,2836,0
CSTR,6020,1
ATMS,2836,0
ALG,3523,0
MCHP,3674,0
BOMN,7310,0
CHS,5621,0
AEMD,3841,0
FLGT,8071,0
BANF,6020,1
AMRN,2834,0
CB,6331,1
ZPAS,7370,0
ASIX,2820,0
DZSI,3661,0
EOSSD,5122,0
COUP,7370,0
OBLN,3841,0
MRAM,3674,0
POLA,3621,0
ATXG,4210,0
CRSP,2836,0
FOSL,3873,0
BPYU,6798,1
SANM,3672,0
TCBK,6020,1
ATR,3089,0
ORLY,5531,0
RCL,4400,0
HWM,3728,0
AVNT,2821,0
JBL,3672,0
ANIK,2836,0
RGA,6311,1
GABC,6020,1
TWI,3523,0
CDW,5045,0
HR,6798,1
AKR,6798,1
RIG,1381,0
SKT,6798,1
FTK,2891,0
ALL,6331,1
SNES,2870,0
IRTC,3845,0
GTYH,7370,0
PLYA,7011,0
LINK,3679,0
OFIX,3841,0
COFE,5812,0
PZZA,5812,0
THRM,3714,0
BBSI,7363,0
BL,7370,0
MYOV,2834,0
FLIR,3812,0
NHEL,7370,0
YUMC,5812,0
GRWG,5200,0
SHLOQ,3460,0
BCTF,6035,1
CRTG,3663,0
BCO,7381,0
PFC,6035,1
CPT,6798,1
IIPR,6798,1
TLFA,5990,0
MCRI,7990,0
INOD,7374,0
CNDT,7374,0
EQR,6798,1
BWA,3714,0
FLL,7990,0
SPTN,5141,0
BFS,6798,1
WINA,6794,1
PFGC,5140,0
YUMAQ,1311,0
LW,2030,0
ROYL,1311,0
ARWR,2836,0
FTEK,3569,0
CLDB,6020,1
CASH,6035,1
KDP,2090,0
IMCI,7373,0
MAR,7011,0
BDC,3670,0
QCRH,6020,1
VREX,3844,0
BYD,7990,0
CKPT,2836,0
DECK,3100,0
ALBO,2836,0
COST,5399,0
LXP,6798,1
ADGO,7372,0
RVSB,6035,1
MVEN,7370,0
CBLAQ,6798,1
PTN,2836,0
QMCI,7370,0
REG,6798,1
FFIN,6020,1
PTEN,1381,0
INCY,2836,0
ROCK,3310,0
ITRI,3824,0
URBN,5651,0
CNTY,7990,0
CARS,7370,0
UFPI,2421,0
ICHR,3559,0
FWRD,4210,0
BPFH,6020,1
SCHN,5093,0
ATRX,2836,0
VIAV,3576,0
KALV,2836,0
HWGG,5961,0
PRTH,7374,0
NYCB,6036,1
MBOT,3845,0
WVFC,6036,1
PRKR,3663,0
SUI,6798,1
CASA,3576,0
SHOO,3140,0
SPG,6798,1
EMN,2821,0
NDRA,3845,0
URYL,700,0
UFPT,3086,0
LNG,1311,0
AFBI,6035,1
PCSB,6020,1
MED,2090,0
NEX,1389,0
PIXY,7361,0
NODK,6331,1
ICCH,6331,1
HAIN,2000,0
STCN,7374,0
MAA,6798,1
INSE,7812,0
METC,1220,0
DWOG,1311,0
WTTR,1389,0
JNCE,2836,0
APEN,3841,0
SGMA,3672,0
DAKT,3990,0
DSPG,3663,0
MLM,1400,0
TSCO,5200,0
ALB,2810,0
BZH,1531,0
KRP,1311,0
IVZ,6282,1
GRVE,1311,0
HVBC,6036,1
WRK,2650,0
BCRX,2836,0
FMNB,6020,1
MAC,6798,1
ZEUS,5051,0
AVB,6798,1
NNBR,3562,0
CPRT,5010,0
SCSC,5045,0
LPTX,2836,0
MPAA,3690,0
LARK,6020,1
BHC,2834,0
LMNR,100,0
PLD,6798,1
FMBH,6020,1
INVH,6798,1
EXP,3270,0
SMBC,6036,1
AEO,5600,0
ADC,6798,1
HLNE,6282,1
SNAP,7370,0
DQWS,2844,0
IR,3560,0
NKTR,2834,0
PUMP,1389,0
FLEX,3672,0
DVCR,8051,0
SYPR,3714,0
ABCB,6020,1
SACH,6798,1
TELL,1311,0
PENN,7990,0
SSD,3420,0
IFMK,5411,0
BFRE,2860,0
REKR,7370,0
LJPC,2836,0
LBRT,1389,0
ESS,6798,1
HIW,6798,1
VRDN,2836,0
IMAX,3861,0
GRMC,1040,0
FR,6798,1
HCC,1220,0
FALC,7373,0
HMNF,6035,1
JILL,5621,0
FDP,100,0
GBX,3743,0
XPL,1000,0
MATW,2790,0
AIV,6798,1
GEO,6798,1
SOI,7359,0
MLR,3713,0
TMRC,1090,0
ADTN,3661,0
AMED,8082,0
EFOI,3640,0
YEXT,7370,0
CLI,6798,1
PNBK,6020,1
DAR,2070,0
AYX,7370,0
SIRI,4832,0
WVVI,2084,0
RS,5051,0
TESS,5065,0
OKTA,7370,0
O,6798,1
CARV,6035,1
KNX,4213,0
AZPN,7372,0
CVLG,4213,0
HDSN,5070,0
FTI,1389,0
NWBI,6035,1
CADE,6020,1
SMDM,3651,0
COF,6141,1
EEX,7389,0
CVNA,5961,0
CLDR,7370,0
NCSM,3533,0
ZYME,2836,0
URGN,2836,0
VERI,7370,0
BHVN,2834,0
CDOR,6798,1
CPHC,7990,0
FPH,6552,1
AM,4922,1
OVID,2836,0
RGUS,3510,0
USAP,3312,0
SVRA,2834,0
MIND,3829,0
AASP,9995,0
APPN,7370,0
ALT,2836,0
KREF,6798,1
MGY,1311,0
GNTY,6020,1
GTHX,2836,0
FOCS,6282,1
ELDN,2836,0
NESR,1389,0
GLGI,3089,0
MOTS,3845,0
FMCB,6020,1
HAFC,6020,1
NVOS,8060,0
SMHI,4412,0
JUVF,6020,1
AGS,3990,0
ATNX,2836,0
PRPH,2834,0
OMP,4610,0
NSIT,5045,0
SSTI,7370,0
RCII,7350,0
WOW,4813,0
BRKS,3559,0
SGH,3674,0
NINE,1389,0
MYMX,2836,0
SNEX,6200,1
CODX,2835,0
ACIW,7370,0
STRT,3714,0
BY,6020,1
DLTR,5331,0
ESQ,6020,1
NATI,7372,0
APRN,5961,0
MRSN,2836,0
RDI,7830,0
ALRN,2836,0
ABC,5122,0
GFED,6020,1
ATLO,6020,1
TAIT,5065,0
CBZ,8721,0
BMRC,6020,1
BHF,6311,1
ISNS,6794,1
ADV,8700,0
MYO,3845,0
VNTR,2810,0
FFBW,6035,1
HLIT,3663,0
RNGR,1389,0
DRI,5812,0
ATXI,2834,0
RMD,3845,0
BHB,6020,1
AFIN,6798,1
NTRB,2834,0
SAFE,6798,1
TRTX,6798,1
GPMT,6798,1
KALA,2836,0
XELA,7374,0
PRPO,2835,0
BBCP,1700,0
RDFN,6531,1
BKR,1389,0
JBGS,6798,1
YOGAQ,7990,0
CLXT,2836,0
WINR,7900,0
PETQ,2834,0
AVCT,7370,0
DARE,2834,0
EFBI,6036,1
NEXT,4923,1
ALPN,2836,0
PDLB,6035,1
GNPX,2836,0
HPMM,2834,0
MTEM,2836,0
NXNN,3845,0
ACHV,2834,0
TRMT,6798,1
PQG,2810,0
ARPO,2834,0
EMRN,3812,0
JAGX,2834,0
CSSE,7812,0
ZLAB,2836,0
ALTD,3990,0
BRQS,7373,0
MBIO,2836,0
KRYS,2836,0
HBB,3630,0
CELC,2835,0
SYBX,2834,0
CEIX,1220,0
ROKU,3651,0
DCPH,2836,0
ADIL,2834,0
HJLI,3841,0
BPMP,4610,0
OPTN,2834,0
FUV,3711,0
ACER,2834,0
SWCH,7370,0
ANGI,7370,0
MCB,6020,1
SPRO,2836,0
MDB,7370,0
FNKO,3942,0
ALNA,2836,0
ALTR,7372,0
CARG,7370,0
PACK,2670,0
BRPA,9995,0
BAND,7370,0
EYE,5990,0
VICI,6798,1
FAT,5812,0
CBTX,6020,1
SCPH,2836,0
OSW,7200,0
AQUA,3580,0
MBIN,6020,1
ACMR,3559,0
SAIL,7370,0
AIHS,6159,1
MRBK,6020,1
CUE,2836,0
LOV,7370,0
SFIX,5961,0
SBT,6035,1
ARCT,2836,0
IRNC,7372,0
NMRK,6531,1
ILPT,6798,1
LBC,6020,1
EQH,6311,1
WSC,6512,1
DNLI,2836,0
QTRX,3845,0
ODT,2834,0
SIC,7389,0
AMEH,8090,0
LFIN,6159,1
PCSA,2836,0
OSS,3571,0
AVYA,7372,0
ELOX,2836,0
VMD,8090,0
EYEN,2836,0
GTES,3560,0
SLDB,2836,0
SLS,2836,0
RCKT,2836,0
EOLS,2834,0
ADT,7381,0
CDLX,7370,0
WHD,3533,0
CRSA,9995,0
BTAI,2836,0
EVFM,2834,0
COLD,6798,1
NBSE,2836,0
ICGL,9995,0
ZS,7370,0
NMTR,2836,0
CLBK,6035,1
IPIC,7830,0
CLNC,6798,1
FTSI,1389,0
PRPL,2510,0
CCNC,5000,0
GSTX,1400,0
VXRT,2836,0
FZMD,5047,0
BWB,6020,1
RCUS,2836,0
WCVC,5812,0
BFI,9995,0
DBX,7370,0
ENOB,2836,0
COSG,4731,0
RFL,6512,1
TDAC,9995,0
ZUO,7370,0
RDVT,7370,0
FIXX,2836,0
WH,7011,0
LEVL,6020,1
SURF,2836,0
SMAR,7370,0
IEA,1600,0
DOCU,7370,0
STXB,6020,1
UBX,2836,0
CHX,3533,0
SURG,4812,0
LASR,3674,0
GSHD,6411,1
ROAD,1600,0
LOVE,2510,0
BBIG,3942,0
INSP,3845,0
PRSP,7370,0
EVLO,2836,0
SRRK,2836,0
PS,7370,0
KNSA,2836,0
USAC,1389,0
OBNK,6020,1
ITRM,2836,0
XAIR,3845,0
JRSH,2300,0
XCUR,2836,0
MGTA,2836,0
GSKY,7370,0
EVOP,7374,0
WRAP,3690,0
KULR,3670,0
MGTX,2836,0
CHRA,4950,1
VRCA,2834,0
USX,4210,0
TCDA,2834,0
TBIO,2836,0
CBMB,6035,1
DOMO,7370,0
AVLR,7370,0
ECOR,3845,0
HYRE,7370,0
AMAL,6020,1
KZR,2836,0
BV,700,0
IIIV,7374,0
APTX,2836,0
VNE,3714,0
SKY,2451,0
AVRO,2836,0
XERS,2834,0
GTBIF,2834,0
BE,3621,0
EPRT,6798,1
RPAY,7374,0
EVER,7370,0
CCB,6020,1
STIM,3845,0
MYFW,6020,1
RVI,6798,1
BJ,5399,0
REPL,2836,0
RUBY,2836,0
ALLK,2836,0
CRNX,2834,0
CNST,2836,0
WISA,3674,0
LEGH,2451,0
NFH,8062,0
AQST,2834,0
BNGO,3841,0
IAA,5500,0
PRVB,2836,0
TENB,7370,0
ARLO,3669,0
SONO,3651,0
ESTA,3842,0
VCNX,2836,0
TBLT,3420,0
YAYO,7370,0
CWK,6531,1
LQDA,2836,0
RMED,3845,0
NINK,3490,0
ARDS,2836,0
DPLS,3674,0
IMXI,6099,1
FTDR,1520,0
ELAN,2834,0
MESA,4512,0
RTLR,4922,1
ETON,2836,0
AMTB,6020,1
CRK,1311,0
ETTX,2836,0
HFFG,5140,0
FLMN,1311,0
SKLV,2834,0
LTHM,2810,0
GTX,3714,0
REZI,5065,0
KLXE,1389,0
STRO,2836,0
EB,7370,0
ARVN,2836,0
INMB,2836,0
GRTS,2836,0
UPWK,7370,0
GH,2835,0
KOD,2836,0
BSVN,6020,1
YMAB,2836,0
SVMK,7370,0
OSMT,2834,0
ALLO,2836,0
IMAC,8093,0
EQ,2836,0
REPX,1311,0
CBNK,6020,1
SIBN,3842,0
PHAS,2836,0
RKFL,7370,0
NGM,2836,0
PLAN,7370,0
ALAC,9995,0
TWST,2836,0
ESTC,7372,0
LOGC,2834,0
NVGI,7370,0
FLFG,6311,1
ULNV,8742,0
VRRM,7374,0
VAPO,3845,0
AMK,7370,0
ETRN,4922,1
RBKB,6036,1
AXNX,3845,0
ORTX,2836,0
AVCO,6512,1
MRNA,2836,0
USWS,1389,0
ALTM,4922,1
NFE,4924,1
MDRR,6798,1
FVTI,5180,0
WTRH,7370,0
DOW,2821,0
SI,6020,1
BYND,2030,0
ANDA,9995,0
RVLV,5961,0
AGE,2836,0
MLND,2836,0
ORGO,2836,0
HOTH,2836,0
GOSS,2836,0
PHUN,7370,0
HARP,2836,0
TCRR,2836,0
PSTX,2836,0
SLGG,7370,0
ALEC,2836,0
BCOW,6035,1
YCBD,2834,0
FOXA,4833,0
KLDO,2836,0
PPHI,6331,1
SEEL,2836,0
CYCN,2836,0
WTRE,6331,1
CVET,5912,0
WORX,7370,0
THCB,9995,0
SOLY,3845,0
SWAV,3845,0
LYFT,4100,0
SILK,3845,0
DTIL,2836,0
TW,7370,0
XFOR,2836,0
FSEA,6035,1
RMBI,6020,1
PBFS,6036,1
TH,6510,1
PDSB,2836,0
RPLA,9995,0
PLMR,6331,1
CHNG,7372,0
PD,7370,0
DSSI,4412,0
MNRL,1311,0
ZM,7370,0
TPTX,2836,0
GNLN,5047,0
PINS,7370,0
HOOK,2836,0
GHSI,2834,0
PSTL,6798,1
KTB,2300,0
SCPS,2836,0
FREE,2090,0
TRVI,2834,0
SCPL,7372,0
TMDX,3845,0
AVTR,3826,0
UBER,4100,0
RRBI,6020,1
AGBA,9995,0
AXLA,2836,0
NXTC,2836,0
APLT,2836,0
MEC,3460,0
MIST,2836,0
SPFI,6020,1
CRTX,2836,0
SONM,3663,0
FSLY,7370,0
WORK,7370,0
GXGX,9995,0
IDYA,2836,0
BCYC,2836,0
CDAK,2836,0
PSN,7370,0
CTVA,100,0
CRWD,7370,0
CVTV,7370,0
ATER,3634,0
CLVT,7370,0
XYNO,2834,0
RCAT,7370,0
PSNL,2835,0
STOK,2836,0
BBIO,2836,0
AKRO,2836,0
BCEL,2836,0
ADPT,2835,0
MORF,2836,0
CHWY,5961,0
REAL,7370,0
KRTX,2834,0
VERY,6311,1
INBX,2836,0
GIX,9995,0
ONCT,2836,0
EDSA,2836,0
CCX,9995,0
THCA,9995,0
KERN,7370,0
LMPX,5500,0
ISUN,1700,0
SCPE,9995,0
CMBM,3663,0
MDLA,7370,0
MIRM,2836,0
FULC,2836,0
PHR,7370,0
HCAT,7370,0
NOVA,4991,1
CSTL,8071,0
CNSP,2834,0
PROS,6331,1
ZGYH,9995,0
ANVS,2836,0
KRUS,5812,0
RAPT,2836,0
DT,7370,0
ONEW,5500,0
CFB,6020,1
OPRT,6141,1
EMMA,2834,0
SLRX,2836,0
HQI,7363,0
THBR,9995,0
SSPK,9995,0
CTOS,7359,0
NVST,3843,0
SLNG,1311,0
OPCH,8090,0
AESE,7900,0
MDIA,4832,0
SWTX,2836,0
STSA,2834,0
SDC,3843,0
APXT,9995,0
NET,7370,0
TFFP,2834,0
CRNC,7372,0
PING,7370,0
DDOG,7370,0
PTON,3949,0
BBI,2834,0
VIR,2836,0
IGMS,2836,0
TXG,2835,0
PNTG,8050,0
BSBK,6036,1
FREQ,2836,0
APRE,2836,0
MNPR,2836,0
BRBR,2000,0
PGNY,8090,0
SRAC,9995,0
OCGN,2836,0
BEAM,2836,0
LATN,9995,0
CABA,2836,0
PHAT,2836,0
FDMT,2836,0
GLEO,9995,0
DFNS,9995,0
OYST,2836,0
HBT,6020,1
MCMJ,9995,0
GRTX,2836,0
ETNB,2836,0
SFTW,9995,0
FSRV,9995,0
TELA,3841,0
VEL,6162,1
JIH,9995,0
GRNV,9995,0
PINE,6798,1
SITM,3674,0
BXRX,2836,0
SPCE,4700,0
PHGE,2836,0
CHPM,9995,0
ALUS,9995,0
VERO,3845,0
AHCO,5047,0
AMHC,9995,0
BRMK,6798,1
BILL,7370,0
REYN,2673,0
LIVK,9995,0
KLR,7370,0
SPT,7370,0
ADTX,2834,0
GRIL,5812,0
ARNC,3350,0
IMVT,2836,0
OBLG,7370,0
AEI,6552,1
SCVX,9995,0
NRBO,2836,0
GNRS,9995,0
ONEM,8011,0
ARQT,2834,0
TARA,2836,0
PPD,8731,0
CSPR,2510,0
SDGR,7372,0
BDTX,2836,0
NREF,6798,1
RVMD,2836,0
FTHM,6531,1
AUUD,7370,0
CCAC,9995,0
PASG,2836,0
POWW,3480,0
ESSC,9995,0
VRT,3679,0
PAE,8700,0
OTIS,3530,0
CARR,3585,0
AZEK,2430,0
VNT,3824,0
IMRA,2834,0
ALTG,5080,0
GSMG,7822,0
SLQT,6411,1
NARI,3841,0
DFPH,9995,0
LUNG,3841,0
ACCD,8090,0
ORIC,2836,0
CGRO,9995,0
GDYN,7370,0
CHAQ,9995,0
LYRA,3841,0
ZNTL,2836,0
AYLA,2836,0
MSGE,7900,0
SOAC,9995,0
KROS,2834,0
HCDI,1531,0
SONN,2836,0
LTRN,2836,0
GOED,5960,0
DKNG,7990,0
JWS,9995,0
WPF,9995,0
PLRX,2834,0
KRBP,2836,0
HEC,9995,0
RNA,2836,0
RPRX,2834,0
QLGN,3845,0
FOUR,7374,0
AMTI,2836,0
TMBR,2834,0
VRM,7370,0
ATCX,8700,0
HSTO,2836,0
AYRO,3711,0
ACEL,7990,0
FMTX,2836,0
RPTX,2836,0
TREB,9995,0
GLSI,2836,0
NKLA,3711,0
FUSN,2836,0
AKUS,2836,0
FUSE,9995,0
LPRO,7372,0
GBIO,2836,0
PCVX,2836,0
GSAH,9995,0
PTK,9995,0
PROG,2835,0
RACA,9995,0
JUPW,2844,0
EBC,6020,1
GOCO,6411,1
TIG,6331,1
GRCY,9995,0
RXT,7370,0
NKTX,2836,0
PSTH,9995,0
BLI,2836,0
RLAY,2836,0
CPSR,9995,0
ITOS,2836,0
AACQ,9995,0
MLAC,9995,0
IAC,7370,0
LMND,6331,1
ALXO,2836,0
PAND,2836,0
PSAC,9995,0
NCNO,7370,0
DEH,9995,0
DMYD,9995,0
ACEV,9995,0
JAMF,7370,0
MEG,8734,0
GOAC,9995,0
RKT,6162,1
VITL,2015,0
OSH,8000,0
ETAC,9995,0
NHIC,9995,0
KBNT,7370,0
DGNR,9995,0
BIGC,7370,0
ACND,9995,0
CCIV,9995,0
AFIB,3841,0
PRPB,9995,0
AUVI,3640,0
NRIX,2836,0
ANNX,2836,0
INZY,2836,0
ERES,9995,0
HSAQ,9995,0
NTST,6798,1
CMPI,2836,0
YAC,9995,0
BOWX,9995,0
KSMT,9995,0
ARYA,9995,0
ALVR,2836,0
FAII,9995,0
LCAP,9995,0
KYMR,2836,0
BTAQ,9995,0
GRSV,9995,0
CAPA,9995,0
HRMY,2834,0
HZAC,9995,0
AONE,9995,0
CMLF,9995,0
FTOC,9995,0
TWCT,9995,0
SVAC,9995,0
FIII,9995,0
OM,3845,0
SUMO,7370,0
U,7372,0
PLTR,7370,0
DYN,2836,0
ATHA,2834,0
LNSR,3845,0
BCTG,9995,0
FROG,7372,0
AMWL,7370,0
MTCR,2834,0
RTP,9995,0
ASAN,7370,0
AGC,9995,0
BNL,6798,1
PTVE,2650,0
SEAH,9995,0
IMPX,9995,0
SAII,9995,0
VGAC,9995,0
AZYO,2836,0
MAAC,9995,0
LSF,2000,0
VYGG,9995,0
TSHA,2836,0
ACTC,9995,0
GDRX,7370,0
TPGY,9995,0
PACE,9995,0
IMNM,2836,0
PMVP,2836,0
QELL,9995,0
LCY,9995,0
ASO,5940,0
GRAY,2834,0
PRLD,2836,0
IPOD,9995,0
IPOF,9995,0
BSY,7370,0
APSG,9995,0
EAR,3842,0
CCCC,2836,0
TARS,2834,0
ONCR,2836,0
ALGS,2836,0
CRSR,3570,0
KRON,2836,0
SPRB,2836,0
NGAC,9995,0
STTK,2836,0
IPOE,9995,0
FMAC,9995,0
AVAN,9995,0
THRY,2741,0
BDSX,8071,0
FHTX,2836,0
GHVI,9995,0
MAX,7370,0
ROOT,6331,1
MCFE,7372,0
PRAX,2836,0
ARRY,3829,0
HZON,9995,0
ACIC,9995,0
SPNV,9995,0
MSP,7370,0
BOAC,9995,0
SQZ,2836,0
HAAC,9995,0
VVOS,8200,0
AVIR,2834,0
GATO,1040,0
ALGM,3674,0
GLTO,2836,0
CONX,9995,0
DASH,5960,0
AAN,5700,0
AIRC,6798,1
CFIV,9995,0
POSH,5961,0
MSGM,7372,0
PLTK,7372,0
SBGI,4833,0
SCKT,3663,0
DISH,4841,0
HA,4512,0
NHTC,5122,0
LSI,6798,1
REMI,3843,0
PLAY,5810,0
SYX,5090,0
WAB,3743,0
AMRB,6020,1
ACTG,6794,1
WSTG,5045,0
AMNL,1400,0
AUBN,6020,1
CICN,7371,0
GVP,7361,0
DIT,5190,0
RWT,6798,1
WINT,2836,0
EAF,3620,0
AAWW,4522,0
SHO,6798,1
KFRC,7363,0
IART,3842,0
SVC,6798,1
BTN,3861,0
ACGL,6331,1
SMSI,7372,0
MD,8011,0
NOVT,3679,0
ERIE,6411,1
RE,6331,1
MYGN,2835,0
RNR,6331,1
THG,6331,1
DOFSQ,1381,0
RICK,5810,0
POOL,5090,0
DVA,8090,0
BANR,6020,1
OPK,8071,0
HSIC,5047,0
MLSS,3843,0
SWM,2621,0
AEIS,3679,0
EL,2844,0
WAT,3826,0
SAM,2082,0
FFIC,6020,1
IMH,6162,1
IVAC,3559,0
NTAP,3572,0
NWPX,3317,0
WSTL,3661,0
NVAX,2836,0
LTRE,8200,0
CTXS,7372,0
NUAN,7372,0
HTLF,6020,1
SMID,3272,0
TGTX,2834,0
BDR,3663,0
MSM,5084,0
SGU,5900,0
HIG,6331,1
KFS,6331,1
CLB,1389,0
ASTC,3829,0
SOMC,6020,1
SCCO,1000,0
BYFC,6035,1
TTNP,2834,0
OTEX,7370,0
INBP,2834,0
IDRA,2836,0
ACCA,2834,0
ENG,8711,0
HRBR,4512,0
WYY,7370,0
APT,3089,0
PBHC,6020,1
PLBC,6020,1
IRIX,3845,0
LNDC,2033,0
PAYD,7370,0
EAWD,3580,0
CTLP,3578,0
LPTH,3827,0
CMCO,3530,0
CCTC,6794,1
UNTY,6020,1
FORD,3100,0
ALXN,2836,0
CSGS,7374,0
REV,2844,0
EVTN,3559,0
SGRP,7389,0
FNRN,6020,1
IRM,6798,1
HUBG,4731,0
IDT,4813,0
ABUS,2836,0
SPH,5900,0
CENX,3350,0
AIM,2836,0
KVHI,4899,0
OCC,3357,0
ALJJ,7374,0
PLX,2836,0
CWCO,4941,1
EPM,1311,0
LORL,4841,0
CWBC,6020,1
SASR,6020,1
DFODQ,2020,0
STRM,7373,0
TRV,6331,1
TCX,7370,0
SYKE,7374,0
JAKK,3944,0
PWVI,3621,0
FCN,8721,0
PFBI,6020,1
TUP,3089,0
MFIN,6159,1
NBIX,2836,0
PRLE,6512,1
SSNC,7372,0
SBSI,6020,1
RUSHA,5500,0
AVDL,2834,0
ELED,4512,0
ASNB,3842,0
CASI,2834,0
SBFG,6020,1
ANSS,7372,0
ECIA,3845,0
DCOM,6035,1
GLAE,6282,1
KTYB,6020,1
FDS,7370,0
PROV,6035,1
CVCY,6020,1
OCFC,6035,1
FFG,6311,1
PEGA,7372,0
RCAR,2836,0
DYNR,1040,0
MGTI,7374,0
STRA,8200,0
WHLM,7900,0
GERN,2836,0
TTEC,7389,0
LAMR,6798,1
GES,2330,0
PURE,2890,0
AWRE,7372,0
CSV,7200,0
CRWE,7311,0
TACT,3577,0
SRCL,4955,1
MVIS,3679,0
MMAC,6799,1
WLFC,7359,0
OCN,6035,1
ANF,5651,0
ENDP,2834,0
SPPI,2836,0
ATRS,2834,0
DVD,7948,0
WTBA,6020,1
BJRI,5812,0
SPYR,7372,0
HIBB,5940,0
WTFC,6020,1
AMTY,3011,0
PAG,5500,0
USNA,2834,0
TGI,3728,0
NOV,3533,0
PBIO,8731,0
UNFI,5140,0
BBQ,5812,0
SEAC,7372,0
HCHC,3440,0
PLUS,5045,0
HPTO,7372,0
NUS,2844,0
STLD,3312,0
FORR,8700,0
GEL,5172,0
CLOK,7372,0
VSAT,3663,0
DPW,3679,0
DGX,8071,0
LAD,5500,0
EMCF,6020,1
DXPE,5080,0
UBFO,6020,1
PTRS,6020,1
HLIO,3490,0
CALM,200,0
NSP,7363,0
KRC,6798,1
CERS,2836,0
VCEL,2836,0
MTN,7990,0
CIEN,3661,0
SLGN,3411,0
KMX,5500,0
PFTI,3714,0
CTIC,2836,0
EEFT,6099,1
SELF,6798,1
SSB,6020,1
GIFI,3730,0
TTWO,7372,0
EMKR,3663,0
BKYI,3829,0
ALV,3714,0
FBC,6035,1
PRHL,4991,1
KNL,2522,0
RMBS,6794,1
AMZN,5961,0
UCBI,6020,1
ARE,6798,1
QRVO,3674,0
SRPT,2836,0
RL,2300,0
MMS,8741,0
INTT,3825,0
BXP,6798,1
SLP,7372,0
INDT,6798,1
PPBI,6020,1
FIX,1700,0
HLX,1389,0
AROC,3533,0
HSKA,2835,0
GTHP,3845,0
EGHT,4899,0
QUIK,3674,0
GLBZ,6020,1
CXW,6798,1
JLL,6531,1
PPBN,6020,1
EVBN,6020,1
QADA,7370,0
UMPQ,6020,1
DHIL,6282,1
HMNY,7370,0
BFAM,8351,0
INIS,2835,0
AEHR,3825,0
SLG,6798,1
PSMT,5331,0
VTSI,3690,0
NICK,6153,1
OMEX,4400,0
SIGA,2836,0
MTOR,3714,0
PETS,5912,0
YUM,5812,0
FARO,3829,0
PLCE,5600,0
FCCY,6020,1
STRZ,5812,0
UEPS,7374,0
CAC,6020,1
INVE,3577,0
NLY,6798,1
NRC,7389,0
SRI,3679,0
RBA,7389,0
OSIS,3844,0
CHRW,4213,0
CHH,6794,1
CSR,6798,1
DRQ,3533,0
OEG,1623,0
MBWM,6020,1
CWST,4953,1
INTI,2836,0
EPR,6798,1
GPI,5500,0
CSU,8300,0
NOVC,7361,0
CTIB,3060,0
MTD,3826,0
MOFG,6020,1
CPFH,6211,1
SAH,5500,0
CTHR,3290,0
AMG,6282,1
GEOS,3829,0
RNWK,7370,0
NOTV,8731,0
AUMN,1040,0
CSBB,6020,1
NANX,3290,0
ASRT,2834,0
CFFI,6020,1
BB,7372,0
MHTX,8731,0
INGR,2040,0
POWI,3674,0
BRTX,2836,0
URI,7350,0
AAIC,6799,1
NWFL,6020,1
OVLY,6020,1
BEGI,6159,1
LCNB,6020,1
HOPE,6020,1
NJMC,1040,0
LIVE,5700,0
PFHO,8090,0
HFWA,6020,1
TSBK,6036,1
MPB,6020,1
SCS,2522,0
ACY,7359,0
OPOF,6020,1
WPC,6798,1
FXNC,6020,1
RMTI,3842,0
VRSN,7370,0
IESC,1731,0
PRDO,8200,0
WSCC,6726,1
MRCY,3674,0
PFIS,6020,1
PWR,1731,0
COFS,6020,1
CBAN,6020,1
CNXN,5961,0
SRDX,6794,1
FUSB,6020,1
WDR,6282,1
CIX,3420,0
CAPC,3640,0
OSPN,3669,0
INO,3845,0
FHI,6282,1
TPB,2100,0
AMCR,2670,0
NLSN,8700,0
LOGI,3577,0
NCLH,4400,0
TGRO,1311,0
DTGI,4899,0
AMT,6798,1
PAYS,7374,0
BSRR,6020,1
BRBS,6020,1
BRKL,6020,1
COLM,2300,0
CYTH,2836,0
APDN,8731,0
LWLG,2821,0
ELTP,2834,0
FMBM,6020,1
FPPP,1311,0
PAOS,3312,0
GNBT,2836,0
BWMG,3949,0
TAKD,5080,0
THM,1000,0
NIOBF,1090,0
MCBC,6020,1
MSVB,6035,1
NTWK,7372,0
SCRH,6794,1
UUUU,1090,0
PGC,6020,1
MRKR,2836,0
VKIN,1311,0
TEUM,4813,0
OVTZ,7373,0
UBOH,6020,1
JSDA,2086,0
FGBI,6020,1
SOFO,7372,0
BOTH,9995,0
HTBK,6020,1
LBAI,6020,1
TCFC,6020,1
MANH,7373,0
CRAI,8111,0
SFDL,6020,1
AMKR,3674,0
PTBS,6020,1
VTR,6798,1
SMMF,6020,1
EVOL,7371,0
IOSP,2810,0
AGTK,5140,0
IDXG,8071,0
WCN,4953,1
AXTI,3674,0
AWX,4955,1
CATC,6020,1
HCKT,8742,0
HZO,5500,0
HWBK,6020,1
SCOO,5961,0
MSTR,7372,0
SKAS,4581,0
UNB,6020,1
CXDO,7370,0
CBKM,6020,1
EGBN,6020,1
ORRF,6020,1
CTSH,7370,0
RH,5712,0
FNLC,6020,1
TSQ,4832,0
CMLS,4832,0
CSGP,7370,0
BOCH,6020,1
PKKW,6020,1
RSG,4953,1
PFBX,6020,1
FCCO,6020,1
HBIA,6020,1
FMAO,6020,1
RBCAA,6020,1
LEU,2810,0
SMED,4955,1
EPD,1311,0
MTEX,2834,0
ARAO,2990,0
SAL,6020,1
HDII,5093,0
UWHR,6020,1
CCI,6798,1
FNCB,6020,1
CETX,8711,0
FLXT,3829,0
RIBT,2090,0
EBAY,7370,0
GS,6211,1
EMAN,3679,0
MFNC,6020,1
KDOZF,7372,0
ACTX,3089,0
CRGS,3829,0
TGLO,9995,0
QSEP,3533,0
SWBI,3480,0
FNHC,6331,1
NTIP,6794,1
PB,6020,1
VABK,6020,1
SPIN,8090,0
PAA,5171,0
PCYG,7372,0
USIO,6099,1
ATMO,1540,0
SNBR,2510,0
BCOR,6211,1
CTEK,7374,0
ALRT,3845,0
HYBT,9995,0
CFBK,6035,1
GCBC,6035,1
FCAP,6020,1
GDEN,7990,0
SKVI,2844,0
EFSC,6020,1
SBSAA,4832,0
STL,6020,1
HT,6798,1
NVDA,3674,0
AUPH,2836,0
AXL,3714,0
AUD,4832,0
EWBC,6020,1
APTV,3714,0
EPAY,7370,0
FVRG,2000,0
GBL,6282,1
KFY,7361,0
EBTC,6020,1
AUTO,7370,0
MKSI,3823,0
BKNG,7370,0
TREX,2400,0
CFFN,6035,1
EXTR,3576,0
ATLC,6141,1
HSII,7361,0
CNX,1311,0
UONEK,4832,0
WCC,5063,0
LOAN,6798,1
USCR,3270,0
FFIV,7373,0
SKX,3140,0
PMBC,6020,1
SBAC,6798,1
UTHR,2834,0
SLNM,7370,0
STMP,7370,0
FISI,6020,1
JNPR,3576,0
PWFL,3812,0
CYRN,7370,0
ECPG,6153,1
SALM,4832,0
EGOV,7370,0
JCOM,7370,0
VHC,7372,0
DBRM,1311,0
DSNY,7370,0
HOFT,2510,0
GMOLQ,1000,0
WNDW,3674,0
BMRN,2836,0
TLRS,1040,0
LII,3585,0
PRFT,7370,0
FLWS,5961,0
NTCT,7373,0
ARLP,1220,0
PTE,2836,0
SWKH,6159,1
EGAN,7370,0
DHC,6798,1
USNU,8062,0
BLK,6282,1
CIR,3490,0
PCTI,3663,0
CIZN,6020,1
WWE,7812,0
BSQR,5045,0
PGTK,4955,1
SFST,6020,1
AKAM,7370,0
TKOI,3823,0
GAIA,7370,0
PLUG,3674,0
NEO,8071,0
VPLM,4899,0
FSI,2810,0
IDN,3579,0
PZG,1040,0
KTOS,7370,0
CHTR,4841,0
EXPE,4700,0
IMMR,7372,0
ONTO,3823,0
A,3826,0
ALSK,4813,0
PFSW,7374,0
TDY,3812,0
BGCP,6211,1
PRTX,2834,0
PKG,2650,0
FULO,4899,0
ZYXI,3845,0
AGEN,2834,0
BBGI,4832,0
XTGRF,1040,0
SLAB,3674,0
EW,3842,0
EPC,3420,0
RIGL,2834,0
LMNX,2835,0
CCMP,2890,0
EBMT,6035,1
HSTM,7372,0
MET,6311,1
SPRT,7370,0
IWSY,7373,0
LXRX,2835,0
LPSN,7370,0
SGMO,2836,0
EXEL,2836,0
QBAK,3572,0
KIRY,6795,1
DBUB,5812,0
ON,3674,0
PXLW,3674,0
FYBR,4813,0
LIVC,7370,0
CEVA,6794,1
ISSC,3577,0
NGBL,2833,0
RBBN,7373,0
NRG,4911,1
INSM,2836,0
PACW,6020,1
VC,3714,0
ISRG,3845,0
BOTJ,6020,1
BASX,1389,0
CRL,8731,0
BHLB,6020,1
CGRN,3510,0
DLA,2300,0
ZIVO,2834,0
ENTG,3559,0
ACLS,3559,0
MAXR,3663,0
SAVA,2834,0
EVC,4833,0
ARNA,2836,0
ILMN,3826,0
CRIS,2836,0
LTRX,3576,0
BRKR,3826,0
BKGM,6020,1
SRGA,3842,0
EQIX,6798,1
PNFP,6020,1
SRRE,6552,1
MCO,7323,0
MBCN,6020,1
TTMI,3672,0
DCTH,3841,0
AWH,2835,0
DRRX,2834,0
ITGR,3845,0
TPR,3100,0
SLCT,6020,1
CEMI,2835,0
VBFC,6020,1
LTBR,2860,0
TNET,7374,0
SFRX,4400,0
INSG,3661,0
EXAS,8731,0
MOSY,3674,0
RGP,8721,0
NS,2911,0
ALGN,3843,0
GRMN,3812,0
SGEN,2836,0
HBIO,3826,0
DVAX,2836,0
PFLC,6020,1
COGLF,6792,1
ACAD,2836,0
VRME,2890,0
GPN,7374,0
MMP,4610,0
OIS,3533,0
NOG,1311,0
BTU,1220,0
MPX,3730,0
SYNA,3674,0
MDLZ,2052,0
OMCL,7373,0
SHBI,6020,1
PRU,6311,1
ACN,8742,0
RVP,3841,0
WLMS,1600,0
RSCF,3842,0
FENC,2836,0
AXON,3480,0
ADS,7374,0
WLTW,6411,1
EXNT,1311,0
MVBF,6020,1
CCRN,7363,0
BG,2040,0
NTUS,3845,0
PDFS,7370,0
AMN,7361,0
ZBH,3842,0
ABG,5500,0
NWBO,2834,0
XPO,4731,0
MMMW,3510,0
BGFV,5940,0
ANTM,6324,1
GME,5734,0
STRR,8071,0
NPHC,2836,0
WW,7200,0
CREG,3620,0
GDSI,3790,0
CNC,6324,1
PFG,6282,1
AAP,5531,0
AYI,3640,0
FOTB,6020,1
LQMT,3310,0
PDM,6798,1
MANT,7373,0
FVE,8051,0
WNEB,6035,1
CORT,2834,0
CUTR,3845,0
HUSA,1311,0
LODE,1040,0
CCOI,4813,0
VRNT,7373,0
JANL,4731,0
DS,7990,0
JBLU,4512,0
BCBP,6020,1
MGHL,6211,1
DSOX,3590,0
NFLX,7841,0
CVGW,5140,0
SVBI,6035,1
CPSI,7373,0
OSTK,5961,0
ACM,8711,0
RIOT,7370,0
BDSI,2834,0
GLDD,1600,0
CPHI,2834,0
TDG,3728,0
TA,5500,0
FORM,3825,0
KIRK,5990,0
INPX,5045,0
SAFT,6331,1
RRGB,5812,0
CBAT,3690,0
NPO,3050,0
CME,6200,1
WHG,6282,1
NXST,4833,0
WYNN,7990,0
NDAQ,6200,1
SITOQ,7372,0
FTFT,7370,0
BANC,6020,1
CAAS,3714,0
TZOO,7370,0
CIT,6020,1
HNNA,6282,1
DKS,5940,0
ICTV,5961,0
MMLP,5172,0
GALT,2834,0
CRI,2300,0
PFS,6036,1
TCBI,6020,1
PRAA,6153,1
SAIA,4213,0
NGS,7359,0
XEC,1311,0
OTRK,8060,0
BFC,6020,1
NRP,6795,1
SUWN,2090,0
STX,3572,0
NEPH,3841,0
PKBK,6020,1
HALO,2836,0
PSTI,2836,0
FBMS,6020,1
BIMI,5122,0
MOH,6324,1
FNEC,4911,1
HSON,7361,0
AXS,6331,1
EFSI,6020,1
FCCN,7370,0
OPHC,6020,1
BCLI,2836,0
LBSR,1000,0
NTGR,3663,0
BZRD,5500,0
PRKA,7996,0
SPHS,2836,0
OGEN,2836,0
GOOD,6798,1
MODV,4100,0
CRHM,8011,0
REEMF,1090,0
ATSG,4512,0
CRDF,2836,0
WLL,1311,0
LKQ,5010,0
CIDM,7822,0
NNI,6141,1
AHT,6798,1
OMQS,7370,0
PMCB,2836,0
TRCK,7380,0
XPER,3674,0
SNX,5045,0
MRLN,6172,1
AEL,6311,1
GBLI,6351,1
ADES,3559,0
CONN,5731,0
ACOR,2836,0
UTI,8200,0
TPX,2510,0
HTH,6199,1
AIZ,6351,1
CMP,1400,0
ISBA,6020,1
KRO,2810,0
VST,4911,1
PCB,6020,1
SRC,6798,1
MCHX,7389,0
CRM,7372,0
MEIP,2834,0
VFF,100,0
AGO,6351,1
NYMT,6798,1
DYAI,2836,0
BKOR,6020,1
GNW,6311,1
CYTK,2834,0
TBBK,6020,1
SP,7500,0
MKTX,6200,1
BGS,2033,0
ABR,6798,1
PLAG,2090,0
STON,6531,1
DPZ,5812,0
GSIT,3674,0
MA,6099,1
GOOGL,7370,0
MNKD,2836,0
WTI,1311,0
CRVW,7372,0
MORN,7370,0
STXS,3845,0
TXRH,5812,0
BWFG,6020,1
EXR,6798,1
NURO,3841,0
LBTYK,4841,0
MICT,3812,0
CVGI,3714,0
SYNE,6794,1
BECN,5030,0
VSPC,100,0
INVA,2834,0
HY,3537,0
WLK,2860,0
DRH,6798,1
JVA,5140,0
MRTX,2836,0
VVI,7389,0
CYCC,2836,0
MPWR,3674,0
ENS,3690,0
ORA,4911,1
GSIH,5051,0
CUBE,6798,1
DLR,6798,1
NNVC,2836,0
BCML,6020,1
ACC,6798,1
BBW,5945,0
IWSH,6282,1
CHCI,6500,1
MIC,4581,0
BXC,5031,0
MNTX,3537,0
LVS,7990,0
SOHO,6798,1
KRNY,6036,1
PBIP,6036,1
BFIN,6020,1
HURN,8742,0
ARC,7389,0
CNSL,4813,0
MOS,2870,0
CYRX,3842,0
MPW,6798,1
DGLY,3651,0
CE,2860,0
NP,2621,0
CHMD,4812,0
INBK,6020,1
PBH,5122,0
ULH,4210,0
AT,4991,1
DLB,7372,0
WEX,7374,0
XPEL,3714,0
HUN,2860,0
LHCG,8082,0
EXLS,7374,0
AMTX,2860,0
HPR,1311,0
LAZ,6282,1
AX,6035,1
TECTP,6020,1
TRIL,2836,0
RAIL,3743,0
HFBL,6035,1
CORE,5190,0
DXCM,3845,0
MNOV,2836,0
CEQP,5900,0
INFO,7370,0
RLGT,4731,0
ACR,6798,1
ZUMZ,5651,0
MOST,7370,0
BLDR,2452,0
CTRN,5651,0
KFFB,6035,1
KOP,2860,0
WMG,3652,0
ALTO,2860,0
CEI,1311,0
ICE,6200,1
OTTW,6035,1
LINC,8200,0
EVRI,3578,0
EGLE,4412,0
CPS,3714,0
GTT,4899,0
NETE,7374,0
ZNOG,1311,0
MOBQ,7310,0
FSP,6798,1
ATRC,3841,0
RUTH,5812,0
WAL,6020,1
JRVR,6331,1
GNK,4412,0
GLP,5171,0
CF,2870,0
CXP,6798,1
CTSO,3841,0
THS,2030,0
GTE,1311,0
CMPR,2750,0
OFLX,3490,0
RPAI,6798,1
LEAT,3949,0
KONAQ,5812,0
SSKN,3841,0
DISCA,4841,0
TROX,2810,0
ISBC,6020,1
WSBF,6035,1
OPBK,6020,1
CLRI,7373,0
IRBT,3990,0
QSR,5812,0
SPR,3728,0
ACCO,2780,0
ADXS,2836,0
SCGY,7370,0
ROLL,3562,0
AMSF,6331,1
CLUBQ,7997,0
HOMB,6020,1
BKD,8050,0
CCO,7310,0
AMP,6211,1
CYDY,2836,0
MNSB,6020,1
CROX,3021,0
SPWR,3674,0
UAA,2300,0
LDOS,7373,0
CORR,6798,1
ZIOP,2836,0
FNF,6361,1
FBIZ,6020,1
MGYR,6036,1
DCP,1311,0
CERPQ,2821,0
EQFN,6035,1
YUSG,9995,0
BPTH,2836,0
URG,1090,0
ET,4922,1
EVK,2300,0
LYV,7900,0
UEC,1090,0
CLMT,2911,0
HEES,5084,0
CMG,5812,0
CRXM,2836,0
SUNW,3674,0
FIS,7374,0
AIRI,3728,0
LSBK,6035,1
LQDT,5961,0
KRA,2821,0
CODI,3600,0
KNWN,3829,0
VNDA,2836,0
AVXL,2836,0
ASTI,3674,0
MWA,3490,0
RHE,6798,1
IGC,5030,0
ATEC,3842,0
VG,4899,0
DK,2911,0
LUNA,3827,0
CBLI,2834,0
SNCR,7370,0
PRTT,2834,0
SQBG,6794,1
HBMD,6020,1
CETY,3621,0
SMME,3674,0
GFN,7359,0
GADS,6552,1
PFPT,7372,0
DIGP,8734,0
GOGO,4899,0
REAC,7370,0
CUBI,6020,1
AFDG,7510,0
HTBI,6020,1
GIGL,5812,0
SILO,2300,0
ORMP,2836,0
RDUS,2836,0
POST,2015,0
BRFH,2086,0
BTZI,7372,0
CLAD,100,0
SPLK,7372,0
FB,7370,0
SSNT,7370,0
WCUI,8000,0
WARM,3714,0
ESRT,6798,1
TRTC,2833,0
ONVO,2836,0
FANG,1311,0
INLX,7372,0
GFMH,7812,0
TGLS,3442,0
BIEI,2836,0
CBBT,2836,0
BDCO,4922,1
BTHE,2834,0
TXSO,6792,1
PSX,2911,0
ENDV,2836,0
MTST,2835,0
ASPU,8200,0
PBYI,2836,0
BSPK,2834,0
PFMT,7320,0
AIVN,1040,0
SUME,4911,1
ARRT,2000,0
GMED,3841,0
NOW,7372,0
BLMN,5812,0
PHOT,3640,0
FET,3533,0
PANW,7370,0
TMQ,1000,0
FIVE,5331,0
CLIR,3823,0
PHIO,2836,0
CUII,6411,1
RLGY,6531,1
PGTI,3442,0
CVLT,7370,0
HWCC,5063,0
PTCT,2836,0
QRTEA,5961,0
BATL,1311,0
SEM,8060,0
ESOA,1623,0
LMST,6020,1
KBR,7370,0
RHNO,1220,0
EHTH,6411,1
LMAT,3841,0
INFU,7350,0
ESXB,6020,1
ICFI,8742,0
GTS,6324,1
TNL,6531,1
MLFB,7900,0
EVR,6200,1
ORBC,4899,0
HRST,1311,0
ALGT,4512,0
FOLD,2836,0
IMUC,2836,0
HIL,8741,0
ENRT,1400,0
CBPO,2836,0
WU,6099,1
CELH,2086,0
SNMP,4610,0
DLPN,8700,0
DEI,6798,1
HBI,2300,0
FSLR,3674,0
SNOA,2834,0
SNDD,2834,0
YTEN,2836,0
GORO,1040,0
TWER,4899,0
GSAT,4899,0
WCRS,5990,0
INFI,2834,0
GSPE,1311,0
FRST,6020,1
ISCO,2836,0
WLDN,8711,0
COHN,6211,1
PRIM,1623,0
AWI,3290,0
SBH,5990,0
WFCF,7370,0
IPGP,3674,0
CPRX,2834,0
TURV,4941,1
ATHX,2836,0
HQDA,4700,0
EBS,2836,0
NLST,3674,0
PBSV,8742,0
CHHE,2834,0
KNDI,3714,0
IGXT,2834,0
CTT,6798,1
AIMC,3560,0
TAST,5812,0
III,7374,0
HENC,1311,0
TOGL,7370,0
CLNE,5500,0
PFIE,3533,0
AVAV,3721,0
REED,2086,0
UEEC,3842,0
NCMI,7310,0
SMCI,3570,0
AVNW,3663,0
EIG,6331,1
PRTS,5961,0
ESGR,6331,1
HROW,2834,0
ZGSI,2836,0
ARAY,3845,0
IPIX,2836,0
IBKR,6211,1
ESSA,6036,1
ROYE,1221,0
UFS,2621,0
TFSL,6035,1
BLIN,7370,0
GLUU,7372,0
REI,1311,0
ITP,2621,0
SUMR,3990,0
SD,1311,0
CQP,5171,0
BR,7373,0
GLRE,6331,1
DMAC,2836,0
BX,6282,1
CNK,7830,0
CAI,7359,0
TTGT,7310,0
OPNT,2834,0
AVOI,7372,0
USRM,2836,0
PODD,3845,0
NBY,2834,0
JMP,6211,1
INFN,3576,0
TEL,3678,0
CVAT,3559,0
JAZZ,2834,0
LLNW,7370,0
CDXC,2833,0
DFS,6141,1
HYMC,1040,0
NWYU,2844,0
TSSI,8741,0
SVBL,1000,0
AMC,7830,0
TIPT,6331,1
PRO,7370,0
SYN,2834,0
SCOR,7370,0
QNTO,6035,1
MASI,3845,0
PRED,2836,0
DHX,7361,0
BKEP,5171,0
ALSN,3714,0
MXSG,1040,0
SINT,3842,0
G,7374,0
LULU,2300,0
RILY,7389,0
CMGO,7310,0
MELI,7370,0
VMW,7373,0
CPIX,2834,0
SBFM,2836,0
FTMR,1311,0
NEON,3663,0
MDXG,2836,0
THTI,3443,0
LIXT,2836,0
RDAR,7370,0
TDC,7370,0
CXDC,2821,0
MHLD,6331,1
SPI,3620,0
OMTK,3714,0
FTLF,2834,0
MARK,7370,0
MSCI,6282,1
THCT,3821,0
LPLA,6211,1
ROIC,6798,1
FFNW,6020,1
TPCS,3490,0
KALO,7372,0
CVI,2911,0
EPSN,1311,0
PZN,6282,1
ULTA,5990,0
APEI,8200,0
ENSG,8051,0
LL,5211,0
SCU,6282,1
UIHC,6331,1
NFBK,6035,1
RSLS,3845,0
NES,1389,0
CIM,6798,1
RBCN,3674,0
PTOI,2990,0
FPAY,7359,0
TITN,5500,0
LRN,8200,0
ACBI,6020,1
OESX,3640,0
FOR,6552,1
ORN,1600,0
CNFN,7370,0
VPRB,3842,0
YEWB,2833,0
FDBL,7372,0
SGSI,8711,0
SATS,3663,0
IFXY,3690,0
SFBC,6035,1
BWEN,3510,0
AHC,2711,0
EBSB,6036,1
KBLB,2820,0
BLSP,4991,1
CSII,3841,0
RGSEQ,3690,0
AWK,4941,1
MKGI,4700,0
DPSI,7370,0
AYTU,2836,0
MEDS,7370,0
V,6099,1
CFX,3540,0
FN,3670,0
HCCI,4955,1
CLDX,2836,0
PM,2111,0
CJJD,5912,0
HI,3530,0
CCXI,2836,0
ZGNX,2834,0
SWI,7370,0
ERII,3559,0
KKR,6282,1
NMEX,1311,0
VRS,2621,0
NX,3442,0
CDNA,2835,0
FLDM,3826,0
CDXS,2836,0
IPI,1400,0
AGNC,6798,1
SCYYF,1090,0
ECHO,4731,0
HCI,6331,1
MRC,5051,0
IOVA,2836,0
LOPE,8200,0
MLVF,6020,1
SINO,4731,0
FLSS,1389,0
TOMZ,3559,0
GLTC,2890,0
HBCP,6035,1
AIKO,9995,0
IVR,6798,1
MG,8711,0
CBGL,2834,0
BKI,7374,0
VICA,3842,0
RSSS,7389,0
ALIM,2834,0
ATVI,7372,0
TREE,6163,1
PTAM,1400,0
JBT,3550,0
RXN,3560,0
BERY,3080,0
RRTS,4731,0
RYES,1000,0
STRI,3674,0
MYRG,1623,0
VRSK,6411,1
IBIO,2836,0
RCON,3533,0
BHLL,1000,0
AVGO,3674,0
CHND,7812,0
BLPG,7381,0
MHH,7361,0
GWTI,3533,0
TRNX,2810,0
FSFG,6020,1
SNWV,3845,0
MDRX,7370,0
VRUS,5140,0
GPRE,2860,0
DMRC,3679,0
RPMT,7374,0
CCLP,1382,0
MMEX,2911,0
FSBW,6036,1
RIHC,9995,0
CLW,2670,0
VBIO,2834,0
SLCA,1400,0
ONCS,2836,0
ZVO,8200,0
NRBT,3490,0
ABIO,2836,0
BKUH,2834,0
KANP,6552,1
MOMT,7374,0
RIVE,6020,1
CSJT,9995,0
VYCO,3842,0
ABTI,2834,0
OPI,6798,1
ADMP,2834,0
BVTK,5045,0
ABMT,3841,0
PXHI,5065,0
NCAP,7370,0
OPXS,3827,0
HEWA,5912,0
RC,6798,1
DENR,1311,0
WMC,6798,1
ISDR,7370,0
CNET,7310,0
TBNK,6035,1
ADUS,8082,0
TDNT,2000,0
LRDC,1382,0
BUDZ,2834,0
ASPS,7389,0
TXMD,2834,0
PMT,6798,1
H,7011,0
FTNT,3577,0
STWD,6798,1
MAXD,7372,0
GNUS,7812,0
CODA,3812,0
KAR,7389,0
NSPX,2836,0
OMER,2836,0
SRNE,2836,0
CLNY,6798,1
ARI,6798,1
RCM,8741,0
IRDM,4899,0
MINM,3661,0
VTNR,5172,0
ORGS,2836,0
GNRC,3621,0
TWO,6798,1
COWN,6282,1
FLNT,8742,0
ARR,6798,1
PEB,6798,1
BRGO,3910,0
TRNO,6798,1
LLIT,3845,0
POAI,3841,0
ANTH,2836,0
EFC,6282,1
CALX,3661,0
HGSH,6552,1
ST,3823,0
CRMD,2836,0
MFON,7372,0
SPSC,7370,0
AVEO,2836,0
BLNK,7500,0
KGJI,3911,0
CLPT,3845,0
VUZI,3651,0
PPSI,3612,0
NAUH,8200,0
MSGN,4841,0
FIBK,6020,1
GRYN,1540,0
APO,6282,1
IRWD,2834,0
PLOW,3531,0
SANW,100,0
QNST,7370,0
HCMC,3842,0
EXPR,5600,0
BEEM,3690,0
MSLP,2834,0
SUIC,7370,0
GDOT,7389,0
PKPH,2834,0
OAS,1311,0
AMPE,2834,0
CBOE,6200,1
BIQIF,200,0
GNMK,3845,0
BTTR,5122,0
MXL,3674,0
WMLPQ,1220,0
ENV,6282,1
EACO,5065,0
NVFY,2510,0
CZNI,5812,0
AOSL,3674,0
CLDT,6798,1
FLT,7374,0
NPTN,3674,0
AMRS,2860,0
NXPI,3674,0
QUAD,2750,0
MRZM,2836,0
RP,7370,0
GFGY,2860,0
FAF,6361,1
WKHS,3711,0
TSLA,3711,0
HPP,6798,1
RMSL,3845,0
IPHI,3674,0
STND,6036,1
ELMD,3845,0
AMRC,1600,0
VPG,3674,0
EMYB,6020,1
XTEG,3621,0
COR,6798,1
SOWG,2030,0
XTNT,2836,0
VRA,3100,0
CLCN,8200,0
BWXT,3559,0
ASMB,2836,0
GHMP,2086,0
ENSV,1389,0
STAG,6798,1
APTS,6798,1
HZNP,2836,0
DNAX,2086,0
WD,6162,1
CLAR,3949,0
EVTC,7374,0
LEDS,3674,0
PWON,3690,0
INN,6798,1
EMGCQ,6159,1
PACB,3826,0
WSR,6798,1
TRGP,4923,1
AAT,6798,1
OFED,6035,1
SGLB,8731,0
SBRA,6798,1
SAVE,4512,0
CSOD,7370,0
ATOS,2834,0
LEAF,7370,0
FTRK,3621,0
HHC,6552,1
BKU,6020,1
NVIV,3841,0
PCRX,2834,0
BAH,7370,0
ACRX,2834,0
RNET,4899,0
TLSS,4731,0
REVG,3713,0
TRCH,1311,0
CTGO,1040,0
SREV,7370,0
UAN,2870,0
SUPN,2834,0
GRNF,1040,0
GWRS,4941,1
AFHIF,6331,1
FCHS,8060,0
KOS,1311,0
AL,7359,0
WIFI,4899,0
HII,3730,0
THR,3690,0
RLJ,6798,1
ESSI,2836,0
PGCG,6552,1
SEAS,7996,0
GEVO,2860,0
NGL,5900,0
WIZD,7389,0
CRBO,1311,0
EMPM,9995,0
CCGN,6141,1
WMTN,1040,0
MITT,6798,1
ICLD,7370,0
SXC,3312,0
SRNA,3585,0
VER,6798,1
SPLP,9997,0
NWPP,6020,1
ARMK,5812,0
SHSP,7370,0
CLSK,7370,0
NSPR,3845,0
CHEF,5140,0
CLRB,2836,0
MPC,2911,0
Z,7370,0
FRANQ,5621,0
PRTY,2670,0
ARST,9995,0
LIVX,7370,0
ORC,6798,1
HMST,6020,1
CNBX,2834,0
PSIX,3510,0
GEENQ,4899,0
MSBI,6020,1
RM,6141,1
AMBS,2836,0
MOJO,2086,0
TKLS,3630,0
SGMD,5110,0
IZEA,7370,0
GRPN,7370,0
VTGN,2836,0
AMCX,4833,0
LCTC,3845,0
CRYO,2836,0
ENPH,3674,0
UI,3663,0
MEEC,3590,0
ASPN,3086,0
TSE,2821,0
TLYS,5600,0
ZNGA,7372,0
IROQ,6035,1
ILCC,9995,0
MACK,2836,0
YGYI,2834,0
RNVA,8062,0
HTA,6798,1
REGI,2990,0
PRLB,3559,0
BCEI,1311,0
SRLP,5171,0
CVSI,2834,0
VCRA,3663,0
MTSI,3674,0
GYST,1040,0
CHUY,5812,0
MTDR,1311,0
FRGI,5812,0
BCOV,7370,0
LPI,1311,0
FBHS,2430,0
LIQT,3590,0
FRG,5399,0
LVVV,2834,0
CG,6282,1
XYL,3561,0
ACRE,6798,1
ENVA,6141,1
UBIA,7372,0
MN,6282,1
GO,5411,0
VVNT,7380,0
XELB,6794,1
GAHC,7370,0
AXGN,3842,0
GWRE,7372,0
STAF,7363,0
GNE,4931,1
TNXP,2834,0
NBHC,6020,1
VAC,7011,0
ACHC,8060,0
INLB,2834,0
CYBF,7372,0
VSTM,2836,0
WHLR,6798,1
SGBX,3440,0
AMPY,1311,0
LVBX,7372,0
BICX,8093,0
CLVS,2836,0
PBF,2911,0
YELP,7370,0
FBIO,2834,0
CPRI,2300,0
WODI,5090,0
GLYE,2860,0
TRIP,7370,0
SPDL,7374,0
MX,3674,0
XBIO,2836,0
LONE,1311,0
GWPH,2836,0
OTIVF,3577,0
EYPT,2836,0
PSTV,2836,0
BNTC,2836,0
TPH,1531,0
JHG,6282,1
OPTT,3612,0
CBRE,6500,1
BLKB,7370,0
TRTN,7359,0
SNDR,4210,0
ALNY,2834,0
NUVA,3841,0
ANGO,3841,0
IVFH,5140,0
GHL,6282,1
CATM,7389,0
UCTT,3674,0
BFNH,2834,0
HEP,4610,0
BMNM,6798,1
SENR,4950,1
CZWI,6020,1
CNS,6282,1
KRG,6798,1
LXFR,3350,0
SMMT,2836,0
NUWE,3845,0
ESNC,3690,0
SNDEQ,1311,0
TGHI,7372,0
AQB,2836,0
CDTI,3714,0
VRNA,2834,0
QURE,2836,0
MIXT,7370,0
FF,2860,0
VISL,4899,0
SBBP,2836,0
NTEC,2834,0
LYB,2820,0
MYSZ,7372,0
SRT,7389,0
DBVT,2836,0
ESI,2890,0
ALLE,3420,0
LPG,4412,0
ATH,6311,1
APG,1700,0
NVT,3440,0
ACA,3440,0
IMUX,2836,0
ARMP,2836,0
SNOW,7370,0
WISH,5961,0
